,topic,keyword,utterances_text
134,건강 및 식음료,아사히 생맥주 캔 유행,"지붕 위에서 오랜만에 맥주 한 잔하는 거 어때?
좋다~ 맥주는 벌써 챙겨뒀다는 소리야?
음식 까다로운 내가 새로 나온 맥주 챙겨뒀지~ㅎㅎ
오! 새로 나온 맥주 있어? 뭐야??
아사히에서 슈퍼 드라이라는 신제품 맥주 나왔어~ㅎㅎ
우와~. 원래 아사히하고 뭐가 달라?
이 맥주캔은 진짜 독특해!ㅎㅎ 참치캔처럼 뚜껑 열리고 그래. 컵에 따라 마시는 느낌남~ㅎㅎ
와!! 누가 그런 아이디어를 내다니~. 맛은 어때??
엔젤링이라고 불리는 거품이 있어서 맛이 진짜 부드럽고 탄산도 적당해서 좋아~
이게 언제 나온 건데? 나는 왜 몰랐지?
5월에 한정판으로 나왔다가 7월에 우리나라 전용 디자인으로 정식 출시됐어~
꽤 됐는데 나는 몰랐네ㅎㅎ
인기 많아서 슈퍼에서도 잘 안 보였을 거야~
네 덕에 그렇게 찾기 힘든 맥주를 맛볼 수 있겠네~ㅎㅎ
나 혼자서 다 마시기 전에 얼른 와~!!
알겠어! 치킨도 사가지고 갈게~"
210,건강 및 식음료,코로나19,"헬롱! 요즘 코로나19 때문에 걱정이 많이 돼.
응, 나도 그래. 건강 관리가 중요하다고 하더라.
마좌 특히 수능을 앞두고 건강 상태를 잘 관리해야 해.
그래서 감기나 독감에 걸리면 어떻게 해야 해?
시험 뒤로 치료를 미루기 보다는 즉시 병원을 찾아야 해.
그래야 빨리 회복할 수 있겠지?
마좌 그리고 감기 등 질환은 가급적 빨리 치료해야 해.
근데 항히스타민제 처방은 피하는 게 좋다고 들었어.
ㅇㅇ 항히스타민제는 운동 전후 스트레칭으로 관절 통증을 예방하는 게 좋대.
그리고 낮 시간에 20분 산책도 권장한대.
그래서 우리도 수능 공부하면서 건강도 잘 챙겨야 해!
마좌 건강이 최고야! 건강한 몸으로 수능을 잘 보자!
ㅋㅋ 그래! 건강한 몸으로 좋은 성적을 받자!
ㅎㅎ 그럼 ㅎㅇㅌ!
그래! 건강하게 수능을 잘 보자!
그래! 같이 화이팅하자!"
31,건강 및 식음료,아사히 생맥주 캔 유행,"혹시 너 아사히 생맥주 캔 먹을 생각없니?ㅋㅋ
오ㅋㅋ. 그거 짜짜 유명한거잖아ㅋㅋ. 구하기 힘들다고 그러던데ㅋㅋ. 너는 어케 구함?
요즘엔 물량이 많이 풀려서 대형마트에서 묶음으로도 구입 가능하더라ㅋㅋ. 나 묶음으로 샀더니 너무 많은거 같아서ㅠㅠ
나야 준다면 고맙지ㅋㅋ. 먹어보고 싶었는데 못구해서 포기했었거든ㅋㅋ
다행이네ㅋㅋ. 이거 레알 맛나더라ㅋㅋ. 거품이 엄청 부드러워서 목넘김이 좋더라고ㅋㅋ
최고인걸?ㅋㅋ 안주는 어떤거랑 먹어야 잘 어울려?ㅋㅋ
무난하게 한국 음식에도 어울리는 편이더라ㅋㅋ. 그래서 나는 김치전이랑 먹음ㅋㅋ
그럼 나도 김치전이랑 같이 먹어봐야겠다ㅋㅋ. 이거 일반 맥주보다는 용량은 적지?
응ㅋㅋ. 340ml로 적은편인데 생맥주처럼 마실 수 있어서 즐겨먹기에는 좋더라!
나도 드디어 아사히 생맥주 캔을 먹어보는구나ㅋㅋ
나 그런데 상온에 두었던거라 냉장고에 좀 넣어놓고 먹는걸 추천해ㅋㅋ. 온도가 12도 이상일때 개봉시 거품이 넘칠 수 있거든ㅋㅋ
그럼 하루정도는 냉장고에 넣어두어야겠다ㅋㅋ. 아니면 불금 저녁에 먹어도 되고ㅋㅋ
그거 좋겠다ㅋㅋ. 일 마무리하고나서 혼맥을 즐겨주는거지ㅋㅋ
아 벌써 입가에 침이 고인다ㅠㅠ. 빨리 먹어보고 싶어ㅋㅋ
담백하고 단맛이 적긴한데ㅋㅋ. 부드러운게 진짜 일품임ㅋㅋ
더이상 말하지마ㅠㅠ. 나 벌써 입에 맥주향이 감도는 거 같아ㅋㅋ"
420,건강 및 식음료,"'런던 베이글 뮤지엄', 잠실 상륙","나 주말에 친구랑 약속 잡혔어
무슨 약속? 맛있는거 먹으러 가?
응. 핫플 가보려 해.ㅋ 맛집도 가구
그래! 친구랑 재밌게 놀고 와.ㅎ
웅웅. 근데 빵 맛집 가보고 싶은데 혹시 잠실에 괜찮은 곳 알아?
그럼 잠실에 새로 연 런던 베이글 뮤지엄으로 가봐
거기는 베이글만 파는 곳이야?
아니. 베이글도 팔고 커피도 팔고... 여러가지 팔아~
그렇구나. 혹시 몇시부터 열어?
10시 30분부터 열어! 근데 요즘 손님이 많아서 대기해야할거야.ㅎ
알았엉.ㅎㅎ 주소 좀 알려줄래?
서울시 송파구 올림픽로 300 1층에 있어!
그래. 친구한테 위치 전해놔야겠다.ㅎ
응. 가서 맛있는 베이글 많이 먹고와
벌써부터 넘 신난다. 돼지런하게 먹어야지.ㅋ
맛있게 먹고 인별에도 사진 올려~"
282,건강 및 식음료,코로나19,"와 진짜 코로나19 백신 3차 접종 완료율이 국내 전체인구의 절반을 넘었어
레알? 언제부터 시작된 건데?
25일에 발표됐어, 3차 접종 완료율이 가운데 절반 이상이라더라
그래도 계속 이상 반응 신고가 나오는 건가?
맞아 질병관리청 보고서에 따르면 이상 반응 의심 신고건수가 44만623건이야
이상 반응이라고 하면 어떤 증상들이 있었던 거야?
대부분은 일반이상 반응이었어, 통증이나 두통, 오한, 근육통, 발열 등
일반적인 증상들이었구나, 중대 이상 반응은 얼마였어?
중대 이상 반응은 3.8%였어, 그런데 차수별로는 차이가 없었어
1차, 2차, 3차로 접종한 사람들의 비율은 어떻게 되었어?
1차 접종자의 경우 95.8%가 일반이상 반응이었고, 4.2%가 중대 이상 반응이었어
2차 접종자의 경우는 어땠어?
2차 접종자의 경우 96.9%가 일반이상 반응, 3.1%가 중대 이상 반응이었어
3차 접종자는 어떻게 됐어?
3차 접종자의 경우 96.3%가 일반이상 반응이었고, 3.7%가 중대 이상 반응이었어
아직도 이상 반응이 나오는 건 조금 걱정이네"
414,건강 및 식음료,"'런던 베이글 뮤지엄', 잠실 상륙","야, 너 지금 뭐해?
그냥 집에서 쉬고 있는데...왜?
그럼 나랑 런던 베이글 뮤지엄에 가지 않을래? 새로 오픈했다던데...
베이글 뮤지엄? 무슨 박물관 이름이야?
ㅎㅎ 그게 아니고 SNS에서 유명한 베이글 맛집이야. 이미 안국에 첫 번째 매장을 열었다구.
아하, 베이글 전문점이구나. 거기엔 어떤 류의 베이글들이 있어?
종류가 다양한데... 트러플, 토마토 허브, 시나몬 피칸 등 여러가지 맛의 베이글들이 있어.
오우, 듣기만 해도 배고파지네. 근데 가격이 좀 비싸진 않으려나?
ㄴㄴ 베이글은 대부분 4천원대야. 다만 샌드위치는 좀 비싸. 만원 정도? 아, 부채도 엄청 싸게 팔아. 천원!
부채? 아니 무슨 베이글 집에서 부채를 팔아? ㅎㅎ.
그거 웨이팅하는 손님들을 위한 거래. 웨이팅이 엄청 길거든.
아니. 빵집이 줄이 뭐 길면 얼마나 길다고...대체 얼마나 걸리길래?
현장접수하면 대기시간이 최대 5시간까지도 걸린다고 하더라구.
와, 5시간 기다리면 맛없없인데...인기가 많나 보네.
핫플이면 5시간은 기본으로 기다린다는 게 요새 마인드지 머. 그래도 나는 캐치테이블 앱으로 예약할 거니까 걱정 마.
알겠엉. 그럼 갈 때 톡 한번 줘."
332,건강 및 식음료,코로나19,"익스피디아가 올해 여행 트렌드 발표했어
와! 어떤 트렌드야?
코로나19 상황이 여행에도 영향을 미칠 것 같아
그래서 어떤 변화가 있을까?
익스피디아 조사에 따르면 국내여행이 늘어날 것 같아
글쿠나. 국내여행지 중에서 어디가 인기 있을까?
충청도와 전라도, 경상도가 상승했대
소도시 여행이 유행인가봐
맞아! 전세계적 트렌드래
그럼 해외여행은 어떨까?
프랑스 여행객은 몽펠리에, 영국 여행객은 데본을 선호했대
한적한 지역을 찾는구나
숙박가격도 변화가 있었어
어떤 변화가 있었어?
숙박가격이 수요일에 가장 비싸다고 해
수요일에 여행을 가는 건 좀 힘들겠네"
130,건강 및 식음료,아사히 생맥주 캔 유행,"아사히 캔맥주 요새 많이들 찾는다며? 나는 아직 못 봤어. 너는 마셔봤어? ㅎㅎ
응응. 우리 동네 주류점에 들어왔다기에 바로 집어서 마셔봤지. ㅎㅎ
오... 나도 먹고 싶다 ㅎㅎ. 얼마나 했어? ㅎㅎ
이 동네 주류점은 하나에 삼천오백 원이더라고. ㅎㅎ
삼천오백 원이면 가격 대비 괜찮네 ㅎㅎ. 아사히 캔맥주가 다른 맥주 캔하고 차이가 뭐야?
캔 전체가 열리는 거야 ㅎㅎ. 뚜껑 열면 부드러운 거품이 솟구쳐서 이게 진짜 매력 포인트야. ㅎㅎ
부드러운 거품이라... 땡기네. 시원하지 않아도 맛있어?
맥주는 당연히 차가울 때가 최고지 ㅎㅎ. 캔에도 여섯 시간 이상 냉장 후 마시라고 적혀 있어. 진짜 차갑게 마실 때 맛이 더 좋아. ㅎㅎ
구하기 어려우니까 더 당기는 것 같아 ㅠㅠ. 아사히 캔맥주가 왜 이렇게 인기 있어?
얻기 힘든 그 희귀성과 캔 디자인이 특별해서 아사히 수퍼드라이 캔맥주가 대세가 된 거야. ㅎㅎ
앞으로 좀 더 쉽게 구할 수 있을까? ㅠㅠ
요즘은 대형 슈퍼마켓에도 재고가 있다니까 곧 더 구하기 쉬워질 거야.
아사히가 이런 유행템을 만들어낸 것도 대단하네 ㅎㅎ. 어떻게 이런 걸 만들었을까? ㅎㅎ
아사히에서는 이 뚜껑과 거품 나오는 걸 만들기 위해 네 년 간 연구했다고 해 ㅎㅎ. 그 덕에 맛만 아니라 재미도 있는 맥주 캔을 선보이게 된 거야. ㅎㅎ
그랬구나 ㅎㅎ. 나도 이제 편의점 말고 대형 슈퍼에서 아사히 캔맥주 찾아봐야겠다. ㅎㅎ
ㅎㅎ 그래 ㅎㅎ. 이 근처 주류점에 다시 들어오면 알려줄게. ㅎㅎ"
3181,경제 및 사회,반도체,"와 레알 삼성전자 실적이 충격적이네
응 69%나 줄었다는데 ㅠㅠ
특히 반도체 부문이 제일 크게 줄었대
반도체가 삼성전자 영업익의 60~70%를 차지하는 걸로 알아
짜짜? 그렇게 중요한 사업이었구나
응, 그래서 삼성전자는 간신히 적자를 면했대
적자를 면했지만 2009년 이후로 가장 낮은 수치래
SK하이닉스도 영업손실로 적자 전환이 됐대
SK하이닉스도 엄청 큰 손실을 봤구나
맞아 그만큼 반도체 산업이 어렵구나
반도체는 우리 수출의 19%를 차지하는 수출 1위 품목이래
그래서 한국 경제에도 엄청 중요한 역할을 하지
글쿠나, 그래서 한국 경제는 반도체가 안 좋아질 때마다 위기에 처하겠구나
마좌 1997년, 1998년, 2008년에도 그랬지
세계적으로도 반도체 산업이 대전이라고 하더라
마좌 세계 1위 업체인 TSMC를 따라잡는 중이라고 하던데"
2233,경제 및 사회,삼성전자,"삼성전자 수어 상담 서비스 ㅇㄸ?
짜짜? 박박이다 ㅋㅋ
응, 청각·언어장애 고객도 편하게 제품 정보와 구매 상담을 받을 수 있어
그러면 수어 통역사랑 화상 상담도 가능한 거야?
마좌 수어 통역사와 3자 간 화상 상담 서비스도 제공해
와우내 그렇게까지 해주다니 레전드다 ㅠㅠ
디테일러라는 삼성전자 제품 전문 상담사도 있어
디테일러? 그게 뭐임?
디테일러는 고객의 라이프스타일에 맞는 제품을 섬세하게 제안하는 사람이야
아하, 그러면 디테일러가 수어 상담도 해주는 거야?
마좌 디테일러도 수어 상담을 할 수 있어
레알 레전드다, 삼성전자는 항상 고객을 생각해주는 것 같아
응, 삼성전자는 고객 접근성을 높이기 위해 노력하고 있어
그래서 온라인으로도 실제 매장과 같은 쇼핑 환경을 제공하는 서비스도 있대
마좌 삼성 VR 스토어나 삼성닷컴 매장 상담 예약 페이지에서도 이용할 수 있어
삼성전자는 짜짜 편리한 서비스를 많이 제공하네"
1536,경제 및 사회,화장품,"화장품을 선택할 때 어떤 걸 중요하게 생각해?
성분이 제일 중요해! 화학성분은 피부에 안 좋아
맞아 화학성분 대신 자연성분이 들어간 화장품을 찾는 게 좋겠다
그래서 화장품 고르는데 어떤 걸 보고 고르니?
원료가 중요해! 한방 성분이 들어간 화장품이 좋아
한방 성분이 피부 재생에도 도움을 준다고 들었어
맞아 피부 재생과 피부장벽 강화에 효과가 있대
화장품 고르는데 어떤 브랜드가 좋아?
하늘호수라는 브랜드가 굿굿! 한방 성분을 사용해서 만들어
하늘호수라는 브랜드 어디에 있어?
경상북도 경산시와 거창군에 매장이 있어
그러면 가보고 싶은데 영업시간은 ㅇㄸ?
팔공산점은 11시부터 7시까지, 거창공장은 9시부터 6시까지야
팔공산점은 명절 당일에는 휴무인가봐
맞아 명절 당일은 가지 말고 사전에 예약해야 해
ㅇㅇ 한 번 가서 화장품 체험해봐야겠다"
1676,경제 및 사회,화장품,"화장품 리스크가 너무 심해
짜짜? 어떤 리스크야?
중국 시장에서 위조품이 많이 팔려
그래? 그러면 어떻게 대응해?
온라인 모니터링과 샘플링을 강화해야 해
글쿠나. 그 외에 뭐가 필요해?
중국 외에도 제3국 시장에도 주목해야 해
그래서 어떻게 해야 해?
온라인 플랫폼과 3선 이하 도시에 주목해야 해
글쿠나. 중국 정부는 뭘 하고 있어?
중국 정부도 온라인 플랫폼 운영자의 보호를 강화하고 있대
그래서 화장품 리스크가 줄어들 것 같아?
그럴지는 모르겠지만 노력은 해야지
맞아. 소비자들이 안전한 제품을 쓸 수 있도록 해야 해
그래. 소비자의 안전이 제일 중요하니까
맞아. 화장품 업계도 더 신경 써야겠다"
2426,경제 및 사회,마켓 컬리 유료 멤버쉽 '컬리멤버스' 출시,"요즘 쇼핑몰마다 무슨 유료 멤버쉽으로 전환되는거 같아ㅠㅠ. 가뜩이나 어려운데ㅠㅠ
마켓컬리는 유료멤버쉽 하는게 오히려 더 핵이득이야ㅋㅋ
어케 돈 내고 사용하는데 이득일수가 있어?ㅠㅠ
레알이야!ㅋㅋ 마켓컬리 유료멤버쉽은 매달 1900원인데 매월 적립급으로 2000원을 지급하거든ㅋㅋ
대박ㅋㅋ. 그럼 공짜로 쓰고도 100원을 더 받는거야?
그뿐만이 아니라 할인쿠폰팩 최대 24000원, 구매적립금 7%, 커피빈 쿠폰, CU도 10%할인 있다고ㅋㅋ
혜택이 너무 후한거 아니야?ㅋㅋ 다 받아도 되는거임?ㅋㅋ
여기서 끝이 아니라 컬리멤버스 전용상품과 단독특가도 누릴 수 있단다ㅋㅋ
장난아니다!ㅋㅋ 진짜로 네말대로 유료멤버쉽 가입하는게 오히려 이득이네?ㅋㅋ
8월에 가입하면 첫달은 무료이고 정기결제 등록시에는 추가 5개월 무료란다ㅋㅋ
이거 말로만 유료멤버쉽이지 그냥 혜택 줄테니 받아가세요인데?ㅋㅋ
나도 이거 엄청 유용하게 잘쓰고 있어ㅋㅋ. 월 1회이상 마켓컬리를 이용하기만해도 손해는 없는거지ㅋㅋ
나거의 1주일에 2번은 새벽배송 시키니까 멤버쉽 가입해야되겠다ㅋㅋ
할인폭이 짜짜로 크지 않아?ㅋㅋ구독료대비 알찬혜택이라서 너무 좋은거 같음ㅋㅋ
마켓컬리를 자주 이용하는 편이긴한데ㅋㅋ. 멤버쉽 가입하고 더 할인받을 수 있으니 전보다 더 많이 이용할듯ㅋㅋ
얼른 가입해서 마켓컬리 유료멤버쉽 혜택을 빵빵하게 즐기렴ㅋㅋ"
3240,경제 및 사회,반도체,"반도체가 렬루다가 레전드다.
응, 반도체 기술은 많이 발전했어.
한국 반도체는 세계적으로 유명하다.
ㅇㅋㅇㅋ 삼성이 메모리 반도체에서 선두를 달리고 있잖아.
메모리 반도체 외에도 다른 종류의 반도체도 있지?
응, CPU나 시스템 반도체도 있어.
그런데 중국도 반도체 분야에 투자를 많이 하고 있지.
맞아 중국이 한국을 따라잡기 위해 노력하고 있어.
하지만 제조 장비 문제도 있어서 어렵다고 들었어.
마좌 반도체 제조에는 막대한 자금이 필요하거든.
그래서 아무나 들어오기 힘든 영역이라는 거지?
그렇지, 경쟁이 치열하다고 할 수 있겠어.
시스템 반도체는 미국이 시장을 선도하고 있어?
응, 삼성이 조금이나마 시장을 가져가기 위해 노력하고 있어.
반도체 기술은 미래 산업의 중요한 부분이야.
맞아 계속해서 발전해나가야 할 분야야."
2136,경제 및 사회,삼성전자,"삼성전자 실적 대박!
레알? 얼마나 벌었어?
1분기에 55조3300억원 벌었대!
와 대박이네 ㅋㅋ
그래도 2분기는 예상대로 실적이 하락할 것 같아
코로나 때문에 그럴 수도 있겠다
그래도 삼성전자는 세트 사업에서도 어려움을 겪을 것 같아
세트 사업이란게 뭐임?
세트 사업은 TV나 냉장고 같은 가전제품을 말해
아 그런 거구나
그래서 하반기에도 불확실성이 많을 거 같아
삼성전자는 경쟁력을 제고해야겠다
맞아. 그리고 미래를 위해 R&D 투자도 중요하다고 해
미래를 위한 준비를 해야지
그래. 삼성전자 힘!
화이팅이다!"
1624,경제 및 사회,화장품,"화장품 업계 실적이 어떨까?
2분기에는 불확실성이 커져서 기대와 우려가 공존하고 있어.
그래도 좋은 실적을 기대할 수 있는 업체도 있을 거야.
예측에 따르면 중국 매출 비중이 높은 업체들은 부진할 것 같아.
근데 펌텍코리아는 중국 매출 비중이 작아서 불확실성에서 빗겨나 있을 거야.
글쿠나. 그러면 LG생활건강은 ㅇㄸ?
LG생활건강은 화장품 매출이 컴팩트 정도에 국한돼 있어서 거의 영향이 없을 거야.
화장품 대기업의 시장 지배력이 약화되고 있는 것 같아.
맞아. 중견·인디브랜드들의 발주가 늘어나고 있고, 스틱형 제품 매출도 다시 증가하고 있어.
펌텍코리아는 해외 매출도 상승한 것 같아.
맞아. 일본에서 쿠션 매출이 호조를 보이고 있고, HCT와 신규 계약 체결 효과도 기대돼.
화장품 업계가 꽤 변화하고 있는 거네.
그래. 특히 대기업들의 시장 지배력이 약해지고 중견·인디브랜드들이 더 주목받고 있어.
화장품 업계는 계속해서 변화할 것 같아.
맞아. 소비자들의 선호도도 계속 변하니까 맞춰서 변화해야 해.
화장품 업계는 항상 새로운 도전이 필요한 분야야."
2951,경제 및 사회,ESG,"대박! SK텔레콤과 카카오가 ESG 펀드를 공동 조성했대!
짜짜? ESG 펀드가 머임?
ESG는 '환경,사회,지배구조'를 뜻해. 기업의 지속 가능한 성장을 돕는 펀드래.
와우내 그럼 SK텔레콤과 카카오가 200억원의 ESG 펀드를 출범하고 추가로 투자자를 유치해 규모를 확대한다는 거지?
ㅇㅇ 250억원 이상으로 확대할 거래.
이번에는 국내 빅테크 기업이 함께 ESG 펀드를 조성한 첫 사례래.
SK텔레콤과 카카오는 ESG 펀드를 통해 ESG 혁신기업을 육성하고 선한 영향력을 미치는 거래.
ESG 펀드의 투자 대상은 어떤 기업들이 될 거야?
ICT, 융복합 산업 분야의 혁신 기술을 보유하면서도 우수한 ESG 경영환경을 갖춘 기업들이 대상이 될 거래.
그러면 ESG 펀드를 통해 기업들이 성장하고 우리 사회에 선한 영향력을 행사하는 거지?
마좌 선순환 구조를 만드는 거래.
SK텔레콤과 카카오는 3월에도 ESG, AI, 지식재산권 분야에서 협력했대.
와 그렇게 다양한 분야에서 협력하는 거야?
ㅇㅋㅇㅋ 그렇게 다양한 분야에서 협력하면 더 많은 성과를 얻을 수 있을 거 같아.
SK텔레콤과 카카오는 ESG 혁신기업을 육성하는 마중물로 ESG 펀드를 적극 활용한다고 해.
ESG 혁신기업들이 많이 성장하면 좋겠다.
웅웅 그러면 우리 사회에도 선한 영향력을 미칠 수 있을 텐데.
ESG 펀드는 중소, 벤처기업의 지속 가능한 성장을 돕는 거래.
그렇게 중소, 벤처기업들도 성장할 수 있으면 좋겠다.
맞아 다양한 기업들이 함께 성장하면 경제에도 좋을 거야.
SK텔레콤과 카카오는 ESG, AI, 지식재산권 분야에서 주요 자산을 우리 사회와 나누는 데 뜻을 같이하는 MOU를 체결했대.
그렇게 다양한 분야에서 협력하면 더 많은 성과를 얻을 수 있을 거 같아.
맞아 그렇게 함께 협력하면 더 많은 혁신을 이뤄낼 수 있을 거야.
SK텔레콤과 카카오의 ESG 펀드가 성공적으로 운영되면 좋겠다."
2186,경제 및 사회,삼성전자,"삼성전자 개소식 대박이다 ㅋㅋ
그래! 경북에 삼성전자 C랩 아웃사이드 개최했대
경북도랑 삼성전자가 협력해서 스타트업 육성 프로그램을 만들었대
와 대구, 광주에 이어서 경북에도 도입했네
지역내 창업 생태계 확대를 가속화하려는 거겠지
맞아! 지역경제 활성화와 일자리 창출을 목표로 하고 있대
삼성전자의 지원을 받은 기업들은 많은 성과를 냈나봐
매출 3,000억원, 투자 유치 1,400억원, 신규 고용 1,700명이라고 하더라
그리고 CES에서도 9개의 혁신상을 수상했대
와 레알루다가 레게노다! 경북도에 좋은 영향을 줄 것 같아
지역 균형 발전에도 기여할 수 있을 거야
삼성전자는 창업 생태계의 수도권 쏠림 문제도 해결하려고 노력하고 있대
경북창조경제혁신센터와 협력해서 우수한 경북 스타트업을 발굴하고 육성했다고 하더라
그래서 경북에 C랩 아웃사이드를 만들었구나
맞아! 경북도가 삼성전자의 외부 스타트업 육성 프로그램을 유치하기 위해 노력하고 있대
경북도와 삼성전자의 계획이 성공하면 경산시에 핵심 거점이 생길 거야
그러면 경산시의 스타트업들이 글로벌 기업으로 도약할 수 있을 것 같아
그래! 경산시 소재 영남대학교 내에 신규 조성한 공간이 C랩 아웃사이드 경북이래
C랩 아웃사이드 경북을 활용해서 지역 스타트업들이 성장할 수 있겠다
삼성전자의 지원으로 경산시의 창업 생태계가 더욱 활성화될 거야
그렇게 되면 경산시의 경제도 발전할 수 있을 거야
삼성전자는 레알루다가 경제 활성화에 큰 기여를 하고 있네
그래! 삼성전자의 노력에 박수를 보내야지
삼성전자가 계속해서 스타트업 육성을 지원해줬으면 좋겠다"
2191,경제 및 사회,삼성전자,"삼성전자 인사 실시했대
승진 인원이 많네 ㅋㅋ
삼성전자는 리더십 보강을 위해 인사를 했다고 해
성과주의 원칙하에 승진 인사를 했다고 하더라
미래 성장을 위해서구나
부사장 68명, 상무 113명, 펠로우 1명, 마스터 16명이 승진했대
부사장이 제일 많이 승진했네
펠로우와 마스터는 뭐하는 사람들이지?
펠로우는 연구원들 중에서 우수한 사람이고, 마스터는 전문가들 중에서 우수한 사람이래
펠로우는 한 명밖에 없네
마스터도 16명이면 적은 편인가?
마스터는 삼성전자에서 최고 수준의 전문가들이래
마스터가 되려면 어떤 조건이 필요한 거야?
그건 잘 모르겠네 ㅋㅋ
마스터가 되기 위해서는 뛰어난 업적과 기술력이 필요하다고 해
그럼 펠로우랑 마스터는 어떤 차이가 있어?
펠로우는 연구원 중에서 우수한 사람이고, 마스터는 전문가 중에서 우수한 사람이라고 했잖아
맞아 펠로우는 연구 분야에서 뛰어난 사람들이고, 마스터는 기술 분야에서 뛰어난 사람들이래
그럼 펠로우랑 마스터는 같은 수준이 아니야?
아마도 펠로우는 마스터보다 조금 더 낮은 수준인 것 같아
마좌 펠로우는 마스터보다는 조금 덜 우수한 사람들이지
삼성전자는 계속해서 성장할 거야
삼성전자가 성장하면 우리나라 경제도 좋아지겠다
맞아 삼성전자의 성장은 우리 경제에 큰 도움이 될 거야"
1911,경제 및 사회,부동산,"부동산시장이 안정세를 유지하고 있다고 해.
그래? 그럼 집값은 오르지 않을까?
홍남기 경제부총리가 최근 상승세로 전환되는 지역도 있다고 했어.
서울 강남 4구에서는 매매가격과 수급 지수가 반등했대.
그렇다면 규제 완화로 집값이 더 오를 수도 있겠네.
하지만 부동산시장은 다양한 요인들이 작용하는 복합한 시장이야.
그래서 시장 절대안정이 중요하다고 하더라.
오늘은 부동산시장에 대해 이야기하고 있네.
마좌 최근 부동산시장을 점검하는 회의도 있었어.
부동산 정책을 종합 점검하는 시간이었나봐.
부동산시장은 항상 관심사야.
그래서 정부도 꾸준히 관리해야 한다고 생각해.
부동산시장은 사람들의 불안심리에 영향을 주니까 말이야.
글쿠나. 그래서 안정적인 시장을 유지해야 하는 거구나.
그렇지. 그래야 사람들이 더 편하게 집을 구할 수 있어.
부동산시장은 정책 요인도 중요하다고 하더라.
정부의 규제와 개발 기대감이 영향을 미치는 거지?
맞아. 그래서 규제 완화로 상승세로 전환되는 지역도 있었던 거야.
규제 완화로 집값이 오르면 좋겠다.
하지만 너무 급격한 상승은 좋지 않아.
홍남기 경제부총리도 하향 안정세 흐름 속에 관리되도록 해야 한다고 했어.
부동산시장은 항상 변동이 있으니까 주의해야 해.
ㅇㅇ 안정적인 시장을 유지하는 게 중요하겠네.
맞아. 부동산시장은 우리 모두에게 영향을 미치는 거니까 말이야."
1827,경제 및 사회,현대자동차,"현대자동차가 인도네시아 MPV 시장에 도전장을 내밀었어!
와 렬루다가? 그럼 어떤 차종으로 도전하는 거야?
소형 MPV 모델 '스타게이저'를 내세워 토요타 '아반자'를 제치고 1위를 차지하려고 해!
아반자가 현지 MPV 시장에서 1위 모델이었던 거지? 대체 얼마나 오랫동안 인기를 얻었던 거야?
지난 2003년 출시 이후 약 20년간 꾸준한 인기를 얻었어. 누적 판매량은 100만여 대로 현지에서 가장 많이 판매된 MPV 모델이야.
와우내 그렇게 인기가 많았다니 레게노네. 그럼 현대차는 어떤 차종들을 경쟁 대상으로 봄?
현대차는 아반자와 함께 미쯔비시 엑스팬더, 스즈키 에르티, 혼다 모빌리오, 닛산 리비나 등도 경쟁 대상으로 봤대.
그렇구나. 그럼 현대차는 어떤 전략을 세웠어?
현대차는 스타게이저 경쟁 모델로 아반자를 지목하고 MPV 시장 경쟁 전략을 수립하고 있대.
그럼 현대차는 이미 승리가 확정된 거야?
그동안 현대차가 현지 시장에서 증명한 성과들을 본다면 이미 답은 정해져 있다고 볼 수 있어.
그렇구나. 그럼 경쟁력 확보를 위해 어떤 보증 서비스를 준비했어?
현대차는 경쟁력 확보 차원에서 다양한 보증 서비스를 준비했대.
글쿠나. 현대차가 인도네시아 MPV 시장에서 성공할 수 있기를 힘!
고마워! 현대차가 인도네시아 MPV 시장에서 1위를 차지할 수 있도록 노력할게!
ㅎㅇㅌ!"
2022,경제 및 사회,부동산,"레알루다가 부동산 투자가 잘되면 집을 살 수 있을까?
ㅇㅇ 잘되면 살 수 있지! 부동산은 항상 오르니까
그럼 내가 월급쟁이라서 돈을 많이 모을 수 없는데 어떻게 해야하지?
ㅋㅋㅋㅋ 부동산은 돈을 많이 모으지 않아도 가능해! 차근차근 준비하면 돼
그렇구나. 그럼 어떤 식으로 준비해야해?
먼저 돈을 모으는 거야. 저축하면서 부동산시장을 공부해보는 것도 좋아!
부동산시장을 어떻게 공부하지?
인터넷에서 정보를 찾아보면 돼! 많이 찾아보면서 경향을 파악해야 해
그렇구나. 그럼 얼마나 오래 준비해야할까?
시장 상황에 따라 다르지만, 보통 10년 정도 준비해야 집을 살 수 있어
10년이나 걸리다니 좀 힘들겠는걸?
ㅠㅠ 힘들긴 하지만, 그동안에 돈을 모으고 경험도 쌓을 수 있어!
그렇구나. 그럼 부동산 투자를 시작해봐야겠어!
그래! 부동산 투자는 경제적 자유를 위한 좋은 선택이야
부동산시장이 폭락할까봐 걱정되기도 하지만...
현명하게 준비하고 투자하면 걱정 안 해도 돼! 힘!"
4542,과학 기술,로봇 바리스타,"최근에 커피 기계 하나 샀어. ㅎㅎ
오, 진짜? 에스프레소 기계 말하는 거야?
응응. 원두도 자동으로 갈아주고 커피도 바로 나오니까 너무 좋아. ㅋㅋ
나는 핸드드립만 마셔서 ㅠㅠ. 근데 커피 기계가 다 해주면 정말 편하겠다.
핸드드립 커피를 내려주는 로봇은 없을까?
있지 있지. ㅋㅋ 사람이 하는 것처럼 커피를 추출해내는 로봇인데, 바리스라고 불러.
정말 가지가지 하네. ㅋㅋ 어디서 맛볼 수 있는 거야?
우리나라에 라운지엑스라는 곳에 몇 군데 있어. 거기 가면 로봇이 핸드드립 커피를 준비해줘. ㅎㅎ
오 맙소사. ㅋㅋ 하지만 한 잔 만드는 데 시간 얼마나 걸려?
음, 커피 세 잔을 내리는 데 대략 4분 걸리더라고. ㅋㅋ
와, 신기하다. 근데 핸드드립마다 물 붓는 스타일이 다를 텐데, 어떻게 해?
아하, 바리스타들의 비법이 프로그램되어 있어서 여러 가지 방법으로 커피를 추출할 수 있어.
우와, 대단하네. ㅋㅋ 언젠가는 알바생들 다 필요 없어지는 거 아냐? ㅋㅋ
맞아, 그런 날도 언젠가 올 수도 있겠지. ㅎㅎ
맞아맞아. ㅋㅋ 그래도 로봇이 만든 핸드드립 한 번 먹어보고 싶네.
응응. 나중에 같이 가보자고. ㅎㅎ"
3446,과학 기술,인공지능,"안녕! 최근에 인공지능에 대해 들어봄?
응, 인공지능은 레알루다가 대단한 기술이야! 어떤 분야에서 사용되고 있어?
인공지능은 음성인식, 이미지인식, 자율주행 등 다양한 분야에서 사용되고 있어!
오, 글쿠나! 그러면 최근에 어떤 인공지능 관련 뉴스가 있었어?
최근에 AI 학습데이터 구축 사업에 중점을 둔 알체라가 수협은행과 계약을 체결했대!
와 그렇게 많은 돈이 드는 계약이었나봐! 알체라는 어떤 회사야?
알체라는 AI 전문 회사로, 안면인식 시스템 등을 개발하고 있는 거야!
안면인식 시스템이라면 보안 분야에서 많이 사용되겠네!
맞아! 금융 분야에서도 신분증 인식 시스템을 구축하고 있다고 하더라!
신분증 인식 시스템이라면 모바일뱅킹에서 유용하게 사용될 것 같아!
맞아! 알체라는 공공 부문과 금융 부문에서도 좋은 성과를 거두고 있대!
알체라의 성과가 계속 이어지길 바라겠다! 인공지능 기술은 더 발전할 거야!
그렇지! 앞으로 더 많은 분야에서 인공지능이 활용될 것 같아 기대돼!
마좌 우리도 인공지능 기술에 대해 더 알아봐야겠다!
그래! 인공지능은 우리 일상 생활에도 점점 더 다가오고 있으니까!
앞으로 더 많은 기술적인 발전을 기대해봐야겠다! 인공지능의 미래가 기대되는구나!"
4364,과학 기술,블록체인,"블록체인 잡페어에 가볼까?
ㅇㅇ 좋아 ㅋㅋ
블록체인이 미래의 트렌드인 것 같아
그래서 블록체인이 뭐임?
블록체인은 분산형 구조로 정보를 저장하고 관리하는 기술이야
아하 그러면 블록체인은 보안이 강력한 거지?
맞아! 블록체인은 암호화 기술을 사용해서 보안성을 높여
그러면 블록체인은 어디에 쓰이는 거야?
블록체인은 암호화폐를 비롯한 다양한 분야에서 사용되고 있어
암호화폐 말고 다른 분야에서는 어떻게 쓰이는 거야?
블록체인은 금융, 로그인 인증, 스마트 계약 등에도 사용돼
와 레전드다 ㅋㅋ
그래서 블록체인 관련 업체와 구직자가 한자리에 모이는 채용박람회가 열린대
짜짜? 언제고?
7월 8일에 열린대! 레쭈고!
그래! 같이 가자 ㅋㅋ"
3568,과학 기술,메타버스,"메타버스에 대해 들어봄?
응, 최근에 관련 기사를 봤는데 엄청 큰 규모로 성장할 것 같더라
마좌 2030년까지 5조 달러에 달할 거래라고 해
와 그렇게 많은 돈이 돌아다니는 거야?
응, 전자상거래와 가상 광고도 큰 부분을 차지할 거래래
맥킨지 보고서에 따르면 2조에서 2조 6000억 달러 사이라고 하더라
그리고 가상화장품이나 가상플랫폼에서 실제 세계 상품을 구매하는 사람들도 많대
오, 그런 사람들이 이미 79%나 되는 거야?
응, 그 중에서도 47%는 게임 내에서 구매한대
게임 내에서 상품을 구매하는 건 진짜 흥미로운 일이야
마좌 메타버스가 더 발전하면 더 다양한 상품을 구매할 수 있을 거야
메타버스가 세상의 변화를 주도할 잠재력을 갖고 있다는 거지?
맥킨지 보고서에 그렇게 나와있어
그럼 기업들도 메타버스에 관심을 많이 가지고 있겠네
맞아 기업 임원 95%는 긍정적인 영향을 미칠 것으로 믿고 있어
메타버스가 더 발전하면 우리 일상에도 큰 변화가 있을 것 같아"
4064,과학 기술,인공지능(AI),"팡고 플랫폼 업데이트 신규 기능 대박이다!
짜짜? 뭐가 업데이트 됐어?
머신러닝 기반 예산 배분 최적화가 추가되었대!
와! 그럼 광고 성과가 더 좋아지겠네
맞아! 그리고 AI 자동화 리포트 생성도 가능해졌어
효율적인 리소스 관리가 되겠다
그리고 미디어믹스 구성을 통한 효율적인 예산 분배도 가능해!
와! 팡고 플랫폼은 진짜 다 기능이 갖춰져 있네
맞아! 그리고 데이터 시각화도 가능한 공유 리포트도 있어
와! 데이터 시각화까지 가능하다니 박박이다
팡고 플랫폼은 여러 매체의 광고 운영을 한 곳에서 할 수 있어
편리하겠다! 그리고 AI 운영 자동화 엔진도 있지?
맞아! 그리고 AI 콘텐츠 타겟팅 솔루션도 있어
팡고 플랫폼은 짜짜 최신 기술이 많이 적용되어 있네
맞아! 그래서 많은 기업들이 팡고 플랫폼을 도입하고 있어
팡고 플랫폼은 레알 유용한 도구인 것 같아"
4382,과학 기술,블록체인,"와 이번에 블록체인에 관련된 새로운 프로젝트가 나왔어!
짜짜? 어떤 프로젝트야?
이름은 '프렉탈'이고 코인명은 'PLT코인'이래
프렉탈? PLT코인? 첨 들어보는데 어떤 내용이야?
이 프로젝트는 게임 플레이 데이터를 토큰화하는 EOS 블록체인 DApp이래
토큰화? EOS 블록체인? 좀 더 자세히 설명해줄래?
토큰화는 게임 데이터를 암호화폐로 바꾸는 거고, EOS 블록체인은 암호화폐 거래를 기록하는 기술이야
아하, 그러면 이 프로젝트는 게임 데이터를 암호화폐로 바꿔서 거래할 수 있게 해주는 거구나
맞아! 그리고 이 프로젝트는 20억 명의 모바일 사용자를 유니콘 기업으로 만들 수 있다고 하더라
유니콘 기업? 그게 무슨 뜻이야?
유니콘 기업은 기업가치 1조원 이상인 비상장 기업을 말해
와 레전드다! 그러면 이 프로젝트가 성공하면 유니콘 기업이 될 수도 있겠네
맞아! 그리고 이 프로젝트는 중요한 게임 데이터가 버려지는 문제를 해결할 수 있을 거야
그래서 중요한 데이터를 어떻게 보존하고 활용할 수 있게 되는 거야?
프렉탈에서 개발한 PLT 코인을 사용해서 데이터를 보존하고 보상을 받을 수 있게 되는 거야
와 짜짜 신기하다! 이 프로젝트가 성공하면 게임 데이터의 가치가 더 높아질 것 같아"
4078,과학 기술,인공지능(AI),"안녕! 최근에 블루바이저시스템즈가 강남구여성능력개발센터와 협약을 체결했대!
와 박박이네! 그래서 그 협약 내용이 뭐임?
블루바이저시스템즈가 강남구여성능력개발센터의 여성 구직자들에게 AI 기반 비대면 HR 솔루션 '하이버프'를 무상으로 제공한대!
와 레알루다가 좋은 일이네! 그래서 그 솔루션으로 무엇을 할 수 있어?
여성 구직자들은 하이버프의 AI 솔루션을 활용해 직무 개발, 이력서·면접 코칭 등 취업을 위한 역량을 강화할 수 있대!
와 멋지다! 그럼 강남구여성능력개발센터는 어떤 사람들을 지원해주는 거야?
강남구여성능력개발센터는 고학력 여성 구직자와 신중년, 결혼이민여성 등 취약계층을 대상으로 취업과 창업을 지원해!
그래서 이번 협약으로 어떤 도움을 받을 수 있게 되는 거야?
이번 협약으로 강남구여성능력개발센터의 여성 구직자들은 하이버프를 무상으로 제공받아 취업을 위한 역량을 더 강화할 수 있게 됐어!
와 레알 좋은 기회네! 이런 협약이 더 많이 이루어지면 좋겠다!
맞아! 여성 구직자들에게 도움이 되는 이런 솔루션들이 더 많이 개발되면 좋을 텐데!
그래서 블루바이저시스템즈는 이미 글로벌 시장에서도 주목받고 있는 기업이라는 거지?
맞아! 블루바이저시스템즈는 머신러닝 기반 AI 솔루션인 하이버프가 이미 국내 1위를 기록하고 뉴욕 패밀리오피스 챌린지에서도 우승한 기업이야!
와 레전드다! 앞으로 더 많은 기대가 되겠다!
맞아! 앞으로 더 많은 기업들이 여성 구직자들을 위한 이런 협약을 체결하면 좋겠다!
그래! 여성 구직자들에게 더 많은 기회가 생기면 좋을 텐데!"
3762,과학 기술,"광양시, 메타버스 도서관 개관","오늘 집에 있으니 넘나 심심해.
난 그래서 계속 온라인 세상 다니는 중.
그게 시간 순삭이긴 하더라.
그치. 꾸르잼인 공간도 많으니까.
근데 책과 관련된 가상공간도 있어?
ㅇㅇ. 난 광양 시립도서관 메타버스 개관해서 구경도 갔어.
광양 시민만 갈 수 있는 거야?
아니. 인터넷 이용할 수 있으면 누구나 갈 수 있어.
그러면 이벤트 같은 거도 있어?
ㅇㅇ. SNS 이벤트도 하는데 이것도 누구나 다 가능해.
근데 들어갈 때 과정 복잡한 거 아니야?
도서관 누리집으로 바로 갈 수 있어. 어플도 안깔아도 된당.
진짜 엄청 편하게 만들었네.
웅. 그게 가상 공간의 매력이지.
기술 발전에서 광양 도서관도 가보고 신기해.
그니까. 나중엔 우주 메타버스도 가보고싶당."
3812,과학 기술,"광양시, 메타버스 도서관 개관","요즘 우리 딸 책 오나전 많이 읽어.
너무 기특하네. ㅋㅋ 도서관도 잘 가겠다.
웅. 근데 요새 비가 넘나리 와서.
맞아. 밖에 가기 좀 그렇지.
가상 공간에서 도서관 갈 수는 없을까?
ㅇㅇ. 요즘에 메타버스 도서관이 있는데 가상공간에서 도서관에 갈 수 있어.
대박. 우리 광양에도 있어?
ㅇㅇ. 이번에 광양시립도서관도 메타버스 도서관 개관했어.
언제 개관을 한 거야?
8월 21일 월요일에 개관을 했어.
그러면 어떻게 들어갈 수 있어?
광양 시립도서관 누리집 통해서 들어가면 돼.
엄청 간단하네. 여기 가볼래.
웅. 나도 저녁에 가 보게.
그래. 좋은 거 알려줘서 고마워.
웅. 나중에 또 보자."
3517,과학 기술,메타버스,"메타버스에 대해 들어 봄?
응, 최근에 BBC 보도 봤는데 메타버스에서 암호화폐를 이용한 기업 거래가 많이 이루어지고 있대
와 글쿠나. 그래서 얼마나 큰 규모인지 알고 있어?
BBC 보도에 따르면 1년간 거래된 토지가 2조7000억원이나 되대
대박, 짜짜 레게노네. 그럼 어떤 기업들이 메타버스에 진출하고 있어?
삼성과 UPS, 소더비경매소 등이 디센트럴랜드라는 메타버스에 진출하고 방문자 센터를 구축했대
디센트럴랜드가 가장 비싼 메타버스 부동산이라고 하더라
마좌 그리고 샌드박스에는 아디다스와 아타리, 유비소프트, 워너뮤직, 구찌 등 굵직한 기업들이 자리를 잡았어
로블럭스도 큰 메타버스 플랫폼 중 하나인데, 거기에도 많은 기업들이 몰려있지?
마좌 로블럭스에는 가장 많은 기업이 진출하고 있어
메타버스가 이렇게 큰 영향력을 가지게 될 줄은 몰랐네
마좌 앞으로 더 많은 기업들이 메타버스에 관심을 갖고 진출할 것 같아
그럼 메타버스에 대해 더 알아봐야겠다
응, 꼭 알아보는 게 좋을 것 같아
ㅇㅇ 고마워
별말씀을요"
3461,과학 기술,메타버스,"메타버스에 대해 들어봄?
응, 최근에 많이 들어가봤어! 레알루다가 신기방기!
나도 한 번 가보고 싶어. 어떤 느낌이야?
짜짜로 현실감이 느껴지는데, 마치 다른 세계에 온 것 같아!
글쿠나. 그러면 메타버스에서 뭐 할 수 있어?
음악 듣기, 쇼핑하기, 게임하고 무한한 가능성이 있는 거야!
와 짜짜 다양한 활동이 가능하구나. 그러면 어떤 곳이 인기 있어?
힐링 동산이라는 곳이 인기 있는데 거기서 국보인 반가사유상을 만날 수 있어!
반가사유상을 메타버스에서 만날 수 있다니 렬루다가 신기하다!
맞아 그리고 메타버스에서는 무형문화재 공연도 볼 수 있어!
레알 다양한 문화 생활을 즐길 수 있는 곳이네!
맞아 그리고 메타버스는 계속해서 발전하고 있어!
글쿠나. 앞으로 더 많은 사람들이 메타버스를 즐길 것 같아!
그러면 우리도 같이 메타버스에서 만나서 놀자!
굿굿 그래서 언제 만나?
내일 저녁에 어떰? 같이 메타버스에서 놀자!"
5686,문화 생활 및 여가,제10회 춘천영화제,"너 요즘 주말에 뭐 하고 지내고 있어? ㅎㅎ. 나는 맨날 넷플만 보니깐 지겹다 ㅠㅠ.
나는 영화 처돌이잖아 ㅋㅋ. 그동안은 맨날 혼영하긴 했었는데, 지난주에는 영화 행사 다녀옴.
맞아. 너 영화 없음 못 살잖아 ㅋㅋ. 무슨 행사 다녀왔음?
강원도 춘천에서 하는 춘천영화제 다녀왔엉!
오 부산 말고 춘천에서도 영화제를 해? 전혀 몰랐음. 언제부터 하던 행사인데?
꽤 오래된 영화제야! 올해 진행한 게 벌써 10회차니까 ㅎㅎ.
그렇구나. 언제부터 언제까지 했어? 너 가는 거 알았으면 나도 같이 가봤을 텐데!
9월 7일부터 9월 11일까지 했음 ㅎㅎ. 너 그때 주말에 쉬고 싶다고 해서 따로 얘긴 안 했었음~.
그랬군 ㅋㅋ. 행사 구성은 어땠음? 너가 좋아할 만한 영화가 상영하길래 간 거?
전체적으로 좋았어! 뭐 영화도 영화인데, 사실 이준익 감독 데뷔 30주년 기념전 때문에 갔음. 내가 이준익 감독 진짜 좋아하는 거 너도 알잖아 ㅎㅎ. 실물 영접하고 진짜 행복사 하는 줄 알았음.
맞네. 그럼 엄청 좋았겠다! 근데 영화제에서 영화 보려면 따로 돈 내야 되는 거지? 춘천영화제 티켓값은 얼마였음?
ㅇㅇ 맞음. 일반 상영은 5천원 이었어! 꽤 저렴한 편이었음 ㅎㅎ.
그러네~. 무료로 볼 수 있는 건 그럼 아예 없었음?
시네마틱 춘천, 차근차근 상영전이랑 야외상영은 무료 입장 가능했음 ㅎㅎ.
야외에서 영화도 볼 수 있고 좋은 행사였던 것 같당! 다음에는 나도 꼭 데려가 ㅋㅋ.
그래~. 춘천영화제는 꼭 다음에 같이 가보자!"
5624,문화 생활 및 여가,영화,"영화 ㅇㄸ?
좋아! 최근에 어떤 영화 봄?
소공녀 봄?
그거 섹시한 영화라던데 ㅋㅋ
진짜 그런가봐, 재미있었어!
그러면 다른 추천 영화 있어?
연애 빠진 로맨스 어떰?
청춘 영화인가?
그렇지! 섹스와 연애에 대해 다루는 영화래
흥미로워 보이는데 꼭 봐야겠어!
너도 추천할만한 영화 있어?
요즘에는 기생충이 유명하잖아
그거 렬루 재밌었어!
나도 봐야겠다
너랑 영화 보는 거 좋아
나도 굿굿 다음에 영화 보러 가자!"
5063,문화 생활 및 여가,연극,"와 연극 너무 굿굿!
ㅋㅋ 나도 연극 좋아
지금 어떤 연극이 인기 있어?
최근에 사람이 숨 쉬는 집 - 도봉 홈타운이라는 연극이 인기더라
그 연극은 어떤 내용이야?
도봉평화문화진지를 배경으로 한 휴먼연극이래
휴먼연극이라면 감동적인 이야기일 것 같아
맞아! 사람들이 공감할 수 있는 이야기라고 해
연극을 보러 가려면 어디에서 예매할 수 있어?
이번 연극은 유튜브에서 무료로 송출된대
와 짜짜? 그러면 바로 보러 갈게!
즐겁게 보고 오길 바래!
고마워! 연극은 렬루 힐링이 되는 것 같아
맞아! 나도 연극을 보면 마음이 편안해져
앞으로 더 많은 연극을 보러 다니자!
그래! 같이 연극을 즐기면 더 재밌을 거야"
5277,문화 생활 및 여가,"와인 복합문화공간, 도운","나 어제 삼귀는 애랑 데이트했어
겁내 설렜겠다. 무슨 데이트했어?
이 친구가 와인을 좋아해서, 와인 마시러 감
와인 맛있지! 분위기도 좋았겠네.ㅎ
응. 근데 와인 선물해주고 싶은데, 어디가서 사는게 좋을까?
그럼 와인 복합문화공간인 도운에 방문해봐
거기 위치가 어디쯤 있는데?
도운은 서울 강남구 신사동에 있어
그렇구나. 거기에 와인샵도 있어?
응. 지하 1층에 와인, 사케, 스피릿 등 다양한 주류를 판매하는 곳이 있어
그럼 식당도 있어? 와인을 맛보고 싶은데
당연. 파인다이닝 레스토랑 코리가 있어.
그럼 나중에 데이트할 때 방문해야겠다
좋은 생각이야. 아주 좋은 데이트코스일듯
그래.ㅎ 그럼 그 친구한테 물어보고 올게
응! 데이트 잘하구 와"
5598,문화 생활 및 여가,영화,"영화 보러 갈래?
응! 어떤 영화 볼까?
역대 최다 관객을 끌어모은 '명량'을 본 적 있어?
응! 그 영화는 대박이었지!
그러면 '명량'과 비슷한 영화 볼까?
이번에는 '강남 1970'이 개봉하더라!
강남 1970? 그거 ㅇㄸ?
한류 스타 이민호가 출연해서 꼭 보고 싶어!
그리고 최동훈 감독의 '암살'도 기대되는 영화야!
암살? 그 영화도 머박이었지!
그래! 최동훈 감독의 작품은 항상 재미있어!
그리고 외화로는 '어벤져스' 속편도 상륙한다던데
어벤져스? 저번에도 재밌게 봤었어!
외화도 한 번쯤은 볼만해!
그래! 올 한해도 영화로 즐길 거리가 많아!
맞아! 영화 보면서 재미있게 시간 보내자!
그래! 영화관에서 만나자!
ㅇㅋㅇㅋ 영화관에서 봐!
그러면 다음에 또 어떤 영화 볼까?
아직 개봉 안 한 영화들도 많이 있을텐데!
맞아! 계속해서 새로운 영화들이 나오니까 기대돼!
다음에 또 영화 보러 가자!
그래! 영화는 언제나 최고야!
그러면 다음에 또 만나서 영화 보자!"
5698,문화 생활 및 여가,제10회 춘천영화제,"너 요즘에 엄청 잘 돌아댕기드라.
어떻게 알았어? 요즘에 가고 싶은 곳 엄청 많아서 열심히 돌아댕기는 중~
인스스보고 알았지! 인스타 들어가기만 하면 너 스토리 올라와 있는 듯ㅋㅋ.
아ㅋㅋ 그 정도라고? 내가 그 정도로 올렸을 거라고 생각도 못 함.
나도 어디 돌아댕기고 싶은데 추천해 줄 곳 없음?
음, 나 최근에 춘천영화제 갔다 왔는데 여기 가 봐!
헐, 나 영화 처돌이인데 너무 좋지. 근데 춘천 영화제 언제부터 했어?
어제인 9월 7일에 개막했음.
그래? 이거 언제까지 하는데?
5일 동안 하는 거니깐. 9월 11일까지 해.
헐, 며칠 안 남았네. 나 근데 다음 주까지 일이 바빠서 못 감ㅜㅜ.
너무 아쉽다. 영화 좋아하면 엄청 즐길 수 있는 축젠디...
진짜 롬곡이다. 여기서 무슨무슨 행사있어?
8일부터 10일은 라이브 공연도 하고 야외상영도 하고 작품보고 토론하는 것도 있음.
아, 나 작품 보고 얘기 나누는 거 진짜 좋아하는데ㅜㅜ. 내년에도 하려나?
웅, 이거 매년 진행하는 행사여서 내년에도 할 거야. 내년에 꼭 가봐."
5038,문화 생활 및 여가,뮤지컬,"오늘 뮤지컬 보러 갈래?
어떤 뮤지컬이야?
트레이스 유라는 뮤지컬이래
첨 들어보는데 재미있을까?
너무 재밌어! 전공생들이 만든 작품이라고 해서 기대돼
그러면 나도 같이 갈게! 언제 보러 갈까?
9월 8일부터 공연 시작이래
그러면 다음 주 수요일에 보러 갈까?
굿굿! 그날 백암아트홀에서 만나자
알겠어! 기대돼!
나도 기대돼! 뮤지컬은 항상 힐링이 돼
맞아! 음악과 무대 연기를 같이 볼 수 있어서 좋아
뮤지컬은 레알루다가 다양한 장르가 있지
맞아! 내가 좋아하는 장르는 로맨틱 코미디야
나는 판타지 뮤지컬이 좋아!
다음에는 판타지 뮤지컬도 같이 보자"
4892,문화 생활 및 여가,뮤지컬,"와! 대구국제뮤지컬페스티벌에서 새로운 뮤지컬 영화 '투란도트-어둠의왕국 The Movie' 예고 영상이 공개됐어!
ㄹㅇ? '투란도트' 초연 10주년이라고 했지? 영화 버전이라니 기대되는데!
응! 이 영화는 기존 뮤지컬에 판타지적인 요소와 신곡 4곡을 추가했대. 김시우 감독이 연출하고 나인테일즈가 제작했어.
오우예 씨몬, 그래서 어떤 내용인데?
영상에서는 어둠의 세계 속 칼라프의 선택이 그려져. 몽환적이고 신비한 왕국 배경이야.
흥미로워 보이네. 이번에는 뮤지컬 팬뿐만 아니라 대중도 많이 볼 것 같아.
맞아! '투란도트'는 한국 대형 창작뮤지컬 중 최초로 동유럽 6개국에 라이선스를 수출했고 중국에서도 초청 공연을 했어.
글로벌 콘텐츠로서 인기가 많은 거구나. 그래서 영화 버전도 성공할 것 같아.
그렇지! 영화에는 기존 뮤지컬의 대표적인 넘버들과 신곡들이 들어가 있어. 음악도 기대되는 부분이야.
음악도 좋으면 더 재미있을 것 같아. 꼭 보러 가야겠어!
나도 그래! 영화가 개봉되면 같이 보러 가자.
그래! 같이 보러 가서 신나게 뮤지컬 영화를 감상하자!
응! 그리고 영화가 성공하면 다른 뮤지컬도 영화로 제작될 수 있을 것 같아.
맞아! 다른 뮤지컬도 영화로 만나면 더 많은 사람들이 즐길 수 있을 텐데.
그렇지! 뮤지컬은 매력적인 콘텐츠니까 더 많은 사람들이 즐길 수 있으면 좋겠어.
맞아! 뮤지컬은 레알루다가 멋진 예술이야. 앞으로도 더 많은 뮤지컬을 기대해봐야겠다!"
5487,문화 생활 및 여가,영화,"오늘 영화 볼래?
응! 어떤 영화 볼까?
알프레드 히치콕과 프랑수아 트뤼포 영화 상영 중이래
히치콕과 트뤼포의 영화? 흥미로워!
그래! 히치콕의 트뤼포, 트뤼포의 히치콕이라는 특별전이야
와! 그럼 히치콕과 트뤼포의 작품을 볼 수 있겠네
응! 다큐멘터리도 상영한대
다큐멘터리도 꼭 봐야겠어
히치콕과 트뤼포의 역사적인 대담이 담긴 영화야
대담이라니! 렬루 기대돼
영화의전당에서 개최되는 거래
영화의전당? 그곳에서 상영되는 영화들은 항상 좋아
맞아! 영화의전당에서는 다양한 영화를 볼 수 있어
그러면 오늘 영화의전당으로 가자!
좋아! 영화 관람하러 가자
히치콕과 트뤼포의 영화를 같이 감상하자"
5194,문화 생활 및 여가,연극,"연극 좋아해?
응, 연극은 짜짜 멋있어!
나도 연극을 좋아해. 최근에 어떤 연극을 본적 있음?
지난 주에 '무대 위의 책'을 보러 갔어. 레알루다가 인상 깊었어!
그 연극에 대해 많은 사람들이 칭찬하더라
마좌 연극 비평을 다룬 책이라는데 레알 흥미로웠어
나도 읽어봐야겠다. 연극에 대한 새로운 시선을 얻을 수 있을 것 같아
렬루다가 추천해! 무대 위에서 햄릿이 읽는 책을 다루고 있어
와우내 흥미로운 소재인 것 같아. 연극은 진정한 예술이야
맞아 무대 위에서 펼쳐지는 연극은 레알루다가 매력적이지
연극을 보면 마음이 편해지고 새로운 자극을 받는 느낌이 들어
그렇지, 연극은 현실에서 벗어나 새로운 세계로 빠져들게 해줘
연극을 보면서 여러 감정을 느낄 수 있어 레알루다가 좋아
마좌 연극은 감정을 표현하는데 렬루 효과적이지
다음에 같이 연극 보러 가자!
좋아! 다음 주에 시간이 되면 꼭 연극 보러 갈게"
6715,미용과 패션,향수,"향수 좋아?
응, 향수는 좋지
나도 향수 좋아해
어떤 향수가 좋아?
클래식한 우디-앰버 향조가 좋아
우디-앰버 향조가 뭐임
우디는 목재 향, 앰버는 암바 그 잡채야
그런 향수 어디서 살 수 있어?
앰브로스나이드라는 물질로 만든 향수가 최근에 나왔어
앰브로스나이드는 무야?
향수에서 클래식한 우디-앰버 향을 전해주는 물질이야
향수 만들기가 어려워?
예전에 비해 효율적으로 대량으로 만들 수 있게 됐대
그러면 더 많은 향수를 즐길 수 있겠네
마좌 다양한 향수를 즐길 수 있게 됐어
향수는 렬루 멋진 거야"
6725,미용과 패션,향수,"오늘 '지보단' 향수 기술 플랫폼에 대해 들어 봄?
응! 무드센츠라는 거지?
맞아! 이 플랫폼을 이용하면 향기로 기분이 좋아지는 향수를 만들 수 있다고 해
짜짜? 그러면 '코로나 블루'를 날릴 수 있을 것 같은데!
맞아! 요즘 '코로나 블루'가 심하게 온다고 하더라
그럴 만도! 코로나 때문에 우울해지는 사람들이 많으니까
그래서 '지보단'은 긍정적인 정서를 불러일으키는 향수를 개발하려는 거래
향수로 기분을 전환할 수 있다니 대박이야!
응! 향기가 우리 기분에 얼마나 영향을 미치는지 놀라워
나도 향기에 예민한 편이야. 기분 좋은 향기를 맡으면 레알 기분이 좋아져!
그래? 그러면 너한테 어떤 향기가 기분 좋아지게 해?
달콤한 과일 향이 굿굿! 특히 딸기 향이 말모말모야
나는 상큼한 시트러스 향이 좋아. 오렌지 향이 제일 인상 깊어
향수를 선택할 때는 향기에 따라 기분을 고려해야겠네
맞아! 향기는 우리 기분에 큰 영향을 미치는 것 같아
앞으로 무드센츠로 만들어지는 향수들이 기분 좋아지게 해줄 거 같아!"
6601,미용과 패션,다이소 화장품,"오늘 회사 마치고 화장품 사러 가려고 함!
화장품은 갑자기 왜? 어디서 살 건데?
쿠션 다 써서 새로 사야하거든ㅋㅋ. 다이소 가서 살까 함!
엥? 다이소에서 화장품을 팔아? 어떤 거 파는데?
당근 팔지ㅋㅋ. 쿠션, 아이라이너, 아이브로우, 쉐딩 등 제품을 팜!
오, 박박이네ㅋㅋ. 화장품 가격대는 얼마 정도해?
500원에서 5,000원까지 가격대도 다양하고 저렴해ㅋㅋ.
5,000원도 엄청 저렴한 듯ㅋㅋ. 킹왕짱이네.
그러니까ㅋㅋ. 그래서 오늘 쇼핑 좀 하려고 함.
니가 사려고 하는 쿠션은 어떤 제품임?
나는 태그 쿠션 사려고 함ㅋㅋ. 이것도 가격 5,000원임.
저렴해서 좋네ㅋㅋ. 쿠션 호수는 어떤 거 있음?
1호, 2호가 있어서 피부에 맞게 사면 될 것 같음ㅋㅋ.
좋네ㅋㅋ. 나도 다이소 가서 구경해 봐야겠다.
좋은 생각이네ㅋㅋ. 내가 오늘 먼저 가보고 나서 말해줄게.
그럼 땡큐지ㅋㅋ. 다이소 화장품 사고 나서 말해줘."
6619,미용과 패션,다이소 화장품,"야, 들었어? 요즘 다이소가 뷰티 제품으로 대박이라던데.
그래? 어떤 제품이 대박이야?
그거야 다양하다고 해. 특히 VT의 리들샷이 품절대란이라더라고.
리들샷이 뭐야? 그리고 왜 다이소에서 파는데 품절대란이야?
리들샷이라는 건 리프팅 세럼이야. 올리브영에서 3만2000원에 팔리는 건데,다이소에서는 3000원에 팔려서 대박이라고.
3000원이라니, 완전 군싹 ㅋㅋ정말? 그럼 품질은 괜찮아?
ㅇㅇ 완전 강추. 대분 한국콜마, 코스맥스, 코스메카코리아 같은 화장품 제조사에서 만든 상품이라고.
그럼 다이소에서 화장품 사도 괜찮겠네.
ㅇㅇ 그래서 가성비 좋은 제품을 찾는 사람들에게 다이소 뷰티 제품이 인기래 ㅋㅋ
아, 그래서 다이소가 올리브영을 위협한다는 말이 나오는 거구나.
그치그치. 코로나19로 인해 홈뷰티 시장이 확장하면서 다이소 뷰티 제품이 더욱 인기가 많아졌다고 해.
그럼 다이소에서 화장품 사는 사람들은 어떤 연령대야?
다양하대. 1020세대뿐만 아니라 중장년층도 다이소를 찾는다고 해.
아, 그럼 다이소는 여러 연령대의 고객들을 고려한 제품을 팔고 있는 거구나.
그래, 고객들의 눈높이에 맞는 제품을 팔려고 노력하는 거 같아.
그럼 다음에 다이소 가면 화장품부터 둘러봐야겠네, 가성비 좋은 제품 찾아보자!"
7072,미용과 패션,새치 염색 샴푸,"아 요즘 왜 이렇게 새치가 많이 나냐ㅠㅠ.
나도 새치 때문에 고민이 많아...
나두ㅜㅜ. 그래서 요즘 새치 염색 샴푸 쓰는데 꽤 괜찮던데.
헐 새치 염색 샴푸가 있어?
아 감기만 해도 새치 커버된다는 광고 보긴 했는데.
ㅇㅇ 나도 광고 보고 혹시나 해서 써봤는데 갠춘했엉.
어떤 제품인지 알려줘, 나도 손민수할래ㅋㅋ.
유명한게 모다모다랑 아모레퍼시픽 샴푸던데.
내가 쓰는건 모다모다 프로체인지 블랙 샴푸!
모다모다 브랜드는 처음 들어보는데 모다모다에 새치 염색 샴푸 종류가 뭐뭐 있어?
1종류 아니고 몇 종류 있다고 들었는데.
웅, 프로체인지 블랙 샴푸, 프로체인지 다크닝 샴푸, 프로체인지 샤또 블랙 샴푸까지 있엉.
오 3종류나 있구나. 새치 염색 샴푸 중에서는 모다모다가 인기있는 브랜드인거지?
최근에 새치 염색 브랜드 대상으로 한 브랜드 지표 분석 결과에서 모다모다가 1위래.
맞앙, 5가지 조사항목이었는데 모든 지표에서 모다모다가 1위.
근데 어떻게 감기만 해도 새치가 커버되는거지?
그치? 나도 뭔가 안 믿겨서 광고 보고도 안 샀는데ㅋㅋ.
나도 그랬는데 피부과 교수들이 연구한게 있더라구.
아 그램? 어떤 방식으로 새치가 커버되는거래?
샴푸 안에 특별한 성분이 있을 것 같은데.
맞아, 폴리페놀이 함유된 특허 성분이 산소, 햇빛이랑 반응하면서 새치가 흑갈색으로 변화는 효과를 유도한대.
와 핵신기하다ㅋㅋ. 세상 너무 편해졌다 진짜.
그니까, 예전이었으면 맨날 새치 염색하느라 귀찮았을텐데.
만족도는 사바사겠지만 나는 개인적으로 추천이야! 새치 많이 고민되면 한 번 써봥ㅎㅎ."
6871,미용과 패션,셀프 속눈썹 펌,"내 인별에 올린 사진 봄?ㅋㅋ 나 셀프 속눈썹 펌 했는데 너무 잘돼서 사진찍는것마다 잘 나오더라고ㅋㅋ
네가 직접 한거였어? 오나전 전문가 솜씨같던데?
그렇지? 나 똥손인거 너도 잘 알잖아ㅋㅋ. 그런데 내가 한거는 엄청 쉬워서 잘되더라고ㅋㅋ
하나밖에 없는 찐친아ㅋㅋ. 나에게도 그 셀프 속눈썹 펌이 뭔지 공유해주지 않을래?ㅋㅋ
내가 특별히 너에게만 알려줄게ㅋㅋ. 내가 산거는 메리쏘드 릴 롱래쉬펌이야ㅋㅋ
어디 브랜드인데? 가격은 얼마정도 함?
브랜드 이름이 메리쏘드임ㅋㅋ. 가격은 2만2900원인데 10회분 치고는 싼편이지ㅋㅋ
나 지금 지름신 강림했다ㅋㅋ. 하고나서 후기가 어때?
셀프펌하고 난 후에 뷰러를 안하니깐 너무 편리하더라ㅠㅠ. 뷰러안해도 바짝 올라가있음!
나는 매일 뷰러러 쫙 집고 마스카라 떡칠하는데ㅠㅠ.
속눈썸 펌 하니깐 바짝 올라가서 와장 안해도 눈이 또렷해서 예뻐보이는 효과도 있더라ㅋㅋ
작은 내 눈에는 효과가 극대화 되겠구나ㅋㅋ
혹시 모르니깐 사용하기 전에는 펌 약을 피부에 테스트하고 해! 후기 보니깐 약이 안맞아서 피부가 빨개지는 사람 있더라고.
알려줘서 고맙다ㅋㅋ. 유지는 얼마정도 되는거 같아?
홈페이지에는 최대 2달 유지된다고 하는데ㅋㅋ. 나는 지금 1달째인데도 잘 올라가 있음ㅋㅋ
효과 레알 좋은가보군ㅋㅋ. 괜찮으면 우리 나중에 서로 해주자ㅋㅋ"
9937,스포츠 및 e스포츠,테니스,"테니스 인기가 뜨겁다!
렬루? 나도 테니스 좋아해!
레알? 나도 최근에 시작했어!
와 머박! 같이 치러갈래?
좋아! 언제 어디서 할까?
주말에 인천 롯데백화점에 휠라 팝업스토어가 있던데 어떰?
휠라 팝업스토어? 그럼 테니스 의류도 구경할 수 있겠네!
맞아! 휠라의 테니스웨어 '화이트라인'도 있대!
화이트라인? 그거 입고 치러가야지!
응! 그리고 휠라의 테니스화도 있어! '스피드 서브 T9'와 '스트로크2 T3'!
와 대박! 테니스화도 사야겠다!
휠라 팝업스토어에서 다양한 테니스 액세서리도 볼 수 있을 거야!
액세서리도 사야지! 테니스할 때 필요하니까!
그래! 그리고 휠라는 111년 브랜드 역사를 가지고 있어!
대표 종목으로 같이해 온 휠라 테니스 헤리티지도 경험해보고 싶다!
그럼 주말에 롯데백화점으로 가자! 테니스 즐기러 가자!"
9045,스포츠 및 e스포츠,아시안게임 이색 종목,"어제 너튜브 보다 늦게 잤어
어떤 영상 보다 잤는데?
원래 유튭 보면 시간 빨리 가긴 하지
스포츠 경기 영상!ㅎ 너희도 자주 봐?
응. 나는 스포츠 되게 좋아해서
나도 요즘 아시안게임 영상 엄청 봐
아시안게임 난 안봤는데... 그거 어디서 하는거임?
이번 아시안 게임은 중국 항저우에서 열렸어.
총 481개의 세부 경기가 열린대~
엄청 경기 많다.ㅋㅋ 좀 이색적인 종목도 있어?
당근 있지. 등나무 공을 차는 세팍타크로란 종목이 있어
배구와 축구를 혼합한 스포츠야. 족구랑 비슷해
그런 종목이 있단 말야? 우리나라 선수들도 나가?
응. 한국 대표팀은 남자 13명, 여자 13명으로 모두 26명이 대회에 나가!
이 경기엔 총 금메달 6개가 걸렸어.ㅋㅋ
우리나라가 땄으면 좋겠다.ㅋㅋ 또 다른 이색종목 궁금해!
중국의 전통 무술인 우슈란 종목이 있어.
장권, 남권, 태극권 같은 권법이나, 무기를 이용한 도술, 검술 등으로 순위를 가르는 경기야
전부 다 처음 들어보는 경기야!
나도 이번 아시안게임을 통해 알게됐어.ㅎ
나도. 그런데 영상으로 보니 더 재밌더라
그렇구나. 그럼 나도 꼭 볼게
응! 어서 한국을 응원하자!
우리나라가 금메달 전부 딸 수 있게!"
9075,스포츠 및 e스포츠,아시안게임 이색 종목,"요즘 혼술하는 재미가 생겼엉
너도 혼술족이구나? 보통 뭐 하면서 마시는데?
보통은 스포츠 경기를 보면서 마셔
그럼 이번에 하는 아시안게임도 보고있어?
아니. 아시안게임은 언제부터 언제까지 하는건데?
이번에는 2023년 9월 23일부터 10월 8일까지 진행한다고 해.
거기에 볼만한 종목은 어떤 게 있어?
이번에는 다양한 이색종목들이 진행돼서 그걸 보면 될듯
이색종목은 어떤 것들이 있는데?
용선, 카바디, 쿠라쉬, 브릿지 등 다양한 종목들을 해
그 중에서 카바디는 어떤 종목이야?
일종의 술래잡기와 격투가 혼합된 팀 경기야.
얘기 들어보니까 재미있을 것 같아
그치? 그래서 나도 이번에 챙겨보려고
그럼 나도 시간 알아보고 봐야겠다
응. 우리 같이 응원하면서 보자"
8345,스포츠 및 e스포츠,월드컵,"월드컵 응원단 박박이다!
응원단이 어디서 활동할 건데?
서울 광화문 광장에서 활동할 거래
광화문 광장이 좋은 위치네
응원하러 가야지!
나도 같이 가자!
월드컵에서 우리나라가 잘 할까?
분위기 좋으면 잘 할 거야!
붉은악마 응원하면 분위기 더 좋아질 것 같아
붉은악마 응원단 대한민국 자랑이다!
응원단 활동을 기다려!
응원단 활동이 기대되네!
월드컵에서 좋은 결과 있으면 좋겠다
우리나라 힘!
화이팅이다!"
7937,스포츠 및 e스포츠,골프,"허리나 어깨에 무리가 가는 운동 조심해야 해
ㅇㅋㅇㅋ 특히 골프는 부상 위험이 크더라
맞아 골프로 인한 부상이 많아
그럼 어떻게 하면 좋을까?
스트레칭과 준비운동을 충분히 해야 해
ㅇㅋㅇㅋ 그리고 스윙도 조심해야지
응, 무리한 풀 스윙보다는 3/4 스윙이 좋아
글쿠나, 그럼 부상을 예방할 수 있겠네
마좌 부상 없이 즐겁게 골프를 즐기자
ㅇㅋㅇㅋ 건강한 운동이 최고야
맞아 운동을 할 때 건강을 우선으로 생각해야 해
그렇지, 그래야만 오래 즐길 수 있지
맞아 그리고 가을은 운동하기 좋은 계절이지
ㅇㅋㅇㅋ 가을에는 골프나 등산을 즐기기 좋아
근데 몸을 충분히 풀어주지 않으면 부상이 생길 수 있어
ㅇㅇ 몸을 건강하게 유지하는 게 중요해"
9398,스포츠 및 e스포츠,프로야구,"프로야구 경기가 중단됐어 ㅠㅠ
렬루? 왜 중단됐어?
NC 선수들이 코로나 양성 판정 받았대
어떻게 그럴 수 있어? 검사는 안 했어?
호텔에서 확진자 발생해서 검사를 받았어
두산 선수들도 검사 받았을까?
응, 두산 선수들 중에도 확진자가 나왔어
그럼 경기 일정이 어떻게 되는 거야?
한국야구위원회가 12일 리그 중단을 발표했어
아니, 이번 시즌은 어떻게 되는 거야?
아직 결정은 안 났어, 논의 중이래
이런 상황에서는 어떻게 해야 하지?
안전을 위해서는 중단하는 게 맞는 거 같아
그래도 너무 까비다 ㅠㅠ
맞아 이번 시즌은 렬루다가 기대했는데
다음 시즌을 기대해봐야겠다"
7751,스포츠 및 e스포츠,손흥민,"손흥민 레알 박박이다 ㅋㅋ
응응! 손흥민 진짜 멋지다 ㅎㅎ
오늘 경기에서도 골 넣었어!
와 ㄹㅇ? 레게노다 ㅠㅠ
그래! 3골이나 넣었어!
머박! 손흥민 레알 최고다 ㅋㅋ
그치? 팬들한테 감사 인사도 했어
레알 친근감이 느껴져서 좋다 ㅎㅎ
손흥민은 항상 팬들을 생각해
그래서 팬들도 손흥민을 힘!
맞아! 손흥민은 우리의 자랑이야
손흥민은 레알루다가 대단한 선수야
그치? 그리고 그 사진도 너무 귀엽지 않아?
응! 손흥민이 웃는 모습이 너무 좋아~
손흥민은 우리에게 힘을 줘
그래! 손흥민 파이팅!"
9412,스포츠 및 e스포츠,프로야구,"프로야구 개막식 어땠어?
진짜 머박이었어! 홈팀이 이겼어!
와 대박! 어떤 팀이 이겼어?
중신 브라더스가 퉁이 라이언스를 이겼어!
퉁이 라이언스는 어떰?
퉁이 라이언스는 강팀이야! 근데 중신 브라더스가 이겼어!
와 진짜 박박이네! 대만 프로야구는 열정 넘치는 것 같아
맞아! 대만 팬들은 레알루다가 열정적이야
한국, 미국, 일본은 아직 개막일이 정해지지 않았는데 대만은 이미 일정표를 완성했어
레알? 그래서 대만 팬들은 프로야구를 볼 수 있어서 부러워하겠다
맞아! 대만은 세계에서 가장 먼저 프로야구 정규시즌을 개막했어
렬루다가 대단내! 대만은 코로나19 확산을 막기 위해 경기를 무관중으로 치르고 있어
그래서 관중석에는 취재진과 치어리더만 있었구나
맞아! 아직은 관중이 없지만 대만 팬들은 경기를 응원하고 있어
대만 프로야구는 레알루다가 신선한 뉴스가 됐어
그렇지! 대만은 세계에 알릴만한 가치가 있는 프로야구를 하고 있어"
8309,스포츠 및 e스포츠,축구,"한국 축구 대표팀이 우즈베키스탄과의 경기가 얼마 남지 않았어.
짜짜? 그 경기가 우리 팀의 운명을 좌우할 거야?
응, 대표팀이 이긴다면 본선 진출이 확정되는데, 비기면 플레이오프를 치러야 해.
플레이오프는 렬루다가 힘들겠다. 그래도 대표팀이 이길 수 있을까?
우즈베키스탄은 강팀이지만, 대표팀이 최선을 다한다면 이길 수 있을 거야.
그렇담 대표팀이 이길 수 있을 것 같아. 응원해야지!
응원해줘서 고마워! 대표팀이 이기면 조 2위로 진출할 수 있어.
조 2위로 진출하면 본선에서도 좋은 성적을 거둘 수 있을 것 같아.
맞아 대표팀이 최고의 경기력을 보여줄 수 있도록 응원해야 해!
물논이지! 대표팀 힘!
힘! 대표팀이 이번 경기에서 승리하길 기도할게.
기도하면 이루어진다고 하잖아! 대표팀이 이길 거야.
그렇게 믿고 기도해보자. 대표팀 힘!
힘! 대표팀이 이번 경기에서 최선을 다하길 바래.
마좌 최선을 다해 노력하면 좋은 결과가 있을 거야.
대표팀이 이번 경기에서 승리하고 본선에서 좋은 모습을 보여줬으면 좋겠어."
9418,스포츠 및 e스포츠,프로야구,"프로야구 개막했네 ㅋㅋ
응! 한국시리즈 끝났지만 호주에서도 개막했어!
호주에도 프로야구가 있었어?
그래! 호주 프로야구(ABL)라고 해!
레알? 언제부터 개막했어?
지난 11일에 시작했어! 22~23시즌이야!
구단은 몇 개나 있어?
8개의 소속 구단이 있어! 팀당 40경기씩 치르는 거야
질롱 코리아도 참가했어?
그래! 2018년에 창단한 질롱 코리아가 3년만에 다시 참가했어!
질롱은 어디야? 잘 알려진 도시는 아니지?
맞아! 질롱은 호주 빅토리아주에 있는데, 잘 알려진 도시는 아니야
그럼 인구는 ㅇㄸ?
빅토리아주에서 멜번 다음으로 인구가 많은 도시래
여름에 가기 좋은 곳이야?
그래! 휴양지로 유명하고 여름에 놀러가기 굿굿!"
7966,스포츠 및 e스포츠,골프,"오늘은 골프에 대해 얘기해볼까?
좋아~ 나도 골프에 관심이 많아.
너 골프를 얼마나 오래 하고 있어?
아직은 초보지만 최근에 시작했어.
골프공에 대해서 알고 있니?
조금은 알지만 자세히는 잘 모르겠어.
트렌치 런던에서 새로운 골프공을 출시했대.
트렌치 런던? 첨 들어봤는데 어떤 특징이 있어?
이번에 출시된 골프공은 멀리 날아가고 스핀에도 정교하게 컨트롤이 가능한 기술이 적용되었대.
ㄹㅇ? 그럼 드라이버 샷도 멀리 날아갈 수 있겠네.
맞아! 그리고 퍼팅 정렬을 도와주는 'T바 시그니처'도 있어.
와 레알 다양한 기능이 있는 골프공이네.
맞아! 트렌치 런던은 국내에서도 사랑받는 브랜드가 되기를 기원하며 다양한 제품을 출시할 거래.
앞으로 트렌치 런던의 제품을 더 많이 알아봐야겠다.
맞아! 같이 골프를 즐기면 더 재미있을 거야.
그래! 다음에 같이 골프 치러 가자."
7970,스포츠 및 e스포츠,골프,"오늘 골프 박람회 가자!
오 좋아~ 어디서 열려?
울산 유에코에서 개최돼!
울산이라니까 멀지 않아!
맞아! 더골프쇼야!
더골프쇼? 그게 뭐임?
골프 전문 박람회래! 골프용품도 많아!
충공! 와! 골프용품도 볼 수 있어?
응! 스윙분석기도 있고, 스크린 골프도 있어!
머박! 신제품도 볼 수 있을까?
그래! 신제품도 전시될 예정이야!
시간은 어떻게 되니?
2023년 여름에 개최돼!
그럼 무더운 여름에 골프도 즐길 수 있겠네!
맞아! 입장료도 저렴하거든!
충공! 와! 그럼 나도 가볼게!"
8922,스포츠 및 e스포츠,삼성 라이온즈,"삼성 라이온즈
응응! 오늘 경기 어땠어?
엄청 재밌었어! 김동엽과 이성규가 홈런을 쏘아올려서 흥분됐어
와 머박이네! 공격력이 좋아지면 좋겠다
맞아! 이번에는 타선에 11명까지 들어가게 해서 경기력을 높이려고 했어
좋은 전략이네! 그래서 선수들이 잘 적응했나봐
그렇지! 김동엽은 2사 1루에서 좌월 홈런을 때려냈고, 이성규는 주자 없는 상황에서 우측 담장을 넘기는 홈런포를 쐈어
와 레알루다가 멋있었겠다! 이번에는 팀 전체가 활약했구나
맞아! 김동엽이는 2사 만루에서 2타점 적시타를 치고, 이성규는 물러났지만 많은 득점을 올렸어
팀 전체가 열심히 노력해서 좋은 결과를 얻었구나!
응응! 이번 경기로 팀에 희망이 생겼어
다음 경기도 기대되겠다! 응원할게
고마워! 삼성 라이온즈 파이팅!
파이팅! 내일도 잘해줘
그럼 내일 봐!
응응,"
9024,스포츠 및 e스포츠,아시안게임 이색 종목,"드디어 항저우 아시안게임 개막하는 거 알지? 너무 신나!
ㅋㅋ 니가 스포츠 좋아하는 건 알았지만 엄청 기다렸나봐?
응! 항저우 아시안 게임이 2022년 대회인데 1년 미뤄진 거잖아. 무지 기다렸다구! 마음은 직관이지만 집관하는 것 만으로도 너무 기대돼!ㅎㅎ
ㅋㅋ 축하한다. 그럼 이번 아시안게임 관전 포인트가 있음 나도 알려주랑!
내 생각에 이번 아시안 게임은 특별한 종목이 많다는 게 특징이야!
그래? 종목이 몇 개나 되는데?
일단 61개 세부 종목에서 483개의 금메달이 달려있는데, 이번 대회에는 e스포츠가 정식 종목으로 처음 열리고, 파리올림픽 정식 종목인 브레이킹도 시범 종목으로 선보이게 돼.
맞다. 나도 내가 좋아하는 비보이가 출전한다고 해서 그건 기대하고 있었어! 특별한 종목이라는게 e스포츠랑 브레이킹이었어? 그 정도는 나도 아는데 그게 다야?ㅋㅋ
노노, 말또서ㅋ. 더 생소한 종목이 많아! 유러피안주짓수, 용선, 카바디, 쿠라쉬, 브릿지, 샹치! 이중에 들어본 거 있어?
헉, 주짓수 정도만 들어봤지 다 모르는 것들이야. 어떤 스포츠들이야?
먼저 브릿지는 4명이 한 테이블에 둘러앉아서 52장의 플레잉 카드를 가지고 하는 게임인데, 카드를 나누어 모양과 숫자를 조합해 경우의 수를 따지는 게임이야. 덩샤오핑 주석도 즐겨했던 게임인데 고령자도 플레이를 할 수 있어서 80대 선수가 출전하는 경우도 있대. 샹치는 중국 전통 장기라고 생각하면 됨.
오 듣다보니 재밌는데? 그럼 카바디랑 쿠라쉬는 어떤 게임이야?
카바디는 일종의 술래잡기와 격투가 혼합된 방식의 게임인데 인도가 종주국이야. 쿠라쉬는 우즈베키스탄에서 오래 전부터 전해 내려온 전통 씨름이래. 마치 우리나라 씨름처럼 말야.
중국에서 열리는 대회라서 중국 게임들을 추가한 줄 알았더니 다양한 나라의 종목들이 추가된 거구나!
응응! 아시안 게임이란 이름에 너무 걸 맞는 것 같아ㅋ
ㅋㅋ 너 많이 신나보인다ㅎㅎ. e스포츠, 브레이킹에 장기랑 카드 게임 같은 종목도 아시안 게임에 추가되다니 스포츠의 영역이 엄청 넓어진 것 같네. 덕분에 나도 챙겨서 재밌게 볼게!"
8876,스포츠 및 e스포츠,삼성 라이온즈,"삼성 라이온즈는 올 시즌 선발 투수가 부족한 것 같아.
응, 그래서 5선발 경쟁이 아직도 진행 중이래.
데이비드 뷰캐넌과 앨버트 수아레즈는 좋은 투수인데.
마좌 그런데 나머지 5선발 자리는 아직 확실하지 않아.
그래서 경기에서 부담을 줄 수 밖에 없는 상황이야.
이번 시즌 삼성은 승수를 얻기 어려워하는 것 같아.
마좌 최근에는 좋은 결과를 얻지 못하고 있어.
그래서 순위도 두산에 밀려 6위로 내려갔어.
SSG 랜더스와의 격차도 벌어지고 있어.
그래도 감독으로선 선택의 폭이 좁은 상황인 것 같아.
마좌 투수들이 좀 더 좋은 성적을 내야 해.
5선발 투수들이 빨리 좋은 모습을 보여줬으면 좋겠어.
응, 그래야 삼성이 다시 좋은 성적을 거둘 수 있을 텐데.
기대해봐야겠다. 화이팅 삼성 라이온즈!
ㅎㅇㅌ! 삼성 라이온즈 파이팅!
ㅋㅋ 그럼 이만 할게. 다음에 또 얘기하자!"
8899,스포츠 및 e스포츠,삼성 라이온즈,"삼성 라이온즈 양창섭 선발 등판 박박이야!
레알? 첫 등판에서도 좋은 모습을 보인 거야?
응! 시범경기에서도 깔끔하게 무실점이야.
양창섭 선수 렬루 레게노다. 투구수도 절약하고 성적도 좋아.
맞아! 그리고 구속력도 최고 144km까지 나왔다고 해!
충공! 와! 그렇게 빠르게 던지는 거야? 레게노다!
양창섭 선수는 스프링캠프에서도 좋은 컨디션을 유지했어.
그럼 정규시즌에서도 좋은 활약을 기대해볼만 하겠네!
맞아! 내 기대도 커지는군.
삼성 라이온즈가 이번 시즌은 경쟁력이 좋을 것 같아!
그렇게 생각해! 다른 팀들과의 경쟁도 뜨거울 거야.
시즌이 시작되면 매 경기가 기대되겠다!
응! 우리가 응원하는 팀이 이번에도 잘 하면 좋겠다!
응! 함께 응원하자!
그래! 삼성 라이온즈 파이팅!
파이팅!"
9336,스포츠 및 e스포츠,야구,"야구 선수들의 훈련이 끝났어
오늘 마지막 훈련이었구나
응, 4차 훈련이었어
많이 훈련을 했구나
ㅇㅇ 올해 1월에도 했어
리틀야구 대표팀 상비군 선수들이 참가한 거지?
응, 40명이 참가했어
그럼 중학 졸업 예정 선수들도 있었겠다
맞아 2월에 30명이 참가했어
그럼 다른 지역에서도 참가자들이 있었겠다
응, 서울, 경기, 인천, 강원 지역에서 13세 초등 및 리틀 선수들이 참가했어
캠프에서 어떤 훈련을 했어?
타격, 피칭, 수비, 주루 훈련을 했어
그럼 훈련은 오전과 오후로 나뉘어진 거지?
마좌 오전과 오후로 나뉘어서 했어
야구 선수들의 실력이 많이 향상되었을 거야"
8855,스포츠 및 e스포츠,삼성 라이온즈,"삼성 라이온즈 경기 어제 봄?
응, 봤는데 완전 삼진 아웃이었지
그래서 삼성 라이온즈 지금 상황이 안 좋대
마좌 베테랑 선수들이 부진하고 있나봐
윤성환 선수가 토종 에이스인데 부진하다고 해서 2군으로 내려갔대
윤성환 선수 체력이 많이 떨어진 것 같아
그래서 김한수 감독이 윤성환 선수에게 준비 시간을 주려고 한대
윤성환 선수가 좋을 때의 모습을 보여주지 못하고 있어
그래서 김한수 감독이 윤성환 선수에게 돌아와줘야 한다고 했어
윤성환 선수의 부진으로 삼성 라이온즈 상승세가 멈춘 것 같아
그리고 장원삼 선수도 윤성환 선수의 부진에 영향을 받았나봐
장원삼 선수도 최악의 투구를 했어
삼성 라이온즈는 베테랑 선수들이 팀을 수렁으로 빠뜨리고 있는 것 같아
그래서 삼성 라이온즈는 다시 내림세로 돌아섰어
이번 시즌은 삼성 라이온즈에게 어려운 시기인 것 같아
그래도 삼성 라이온즈가 다시 올라갈 수 있을까?"
8198,스포츠 및 e스포츠,축구,"벤투 감독 김학범 감독 매치 기대돼!
응응! 벤투 감독이 이끄는 A대표팀과 김학범 감독이 지휘하는 올림픽 대표팀이 맞대결이야
24년 만에 펼쳐지는 이벤트 매치라니 신기방기!
맞아! 코로나로 경기장을 못 가는 팬들도 아쉬워할 텐데
팬들의 축구 허기를 달래줄 수 있을까?
아마도 텅 빈 경기장에서 경기하는 모습을 온라인으로 볼 수 있을 거야
그래도 직접 가서 응원하는 맛이란 없지
맞아ㅠㅠ 그래도 이번 매치로 선수들의 기량을 점검할 수 있을텐데
맞아! 이번 매치는 벤투호와 김학범호의 선수들이 맞붙는 거니까
24년 만에 맞대결이라니 역사적인 순간이야
그렇지! 1996년 이후 첨이라니까
그때는 김도훈과 황선홍이 득점을 했었지
그리고 이경수가 득점해서 A대표팀이 이겼어
그때의 역사를 되새겨보면서 이번 매치를 기대해볼까?
그래! 벤투 감독과 학범 감독의 매치, 꼭 보고 싶어!
나도 그래! 매치 결과가 기대되는걸"
8003,스포츠 및 e스포츠,골프,"골프에 대해 들어봄?
응, 골프는 재미있어!
나도 한 번 해보고 싶은데 어떻게 시작해야 해?
골프에 미치다라는 교습서가 나왔더라고!
레알루다가? 그 책은 무슨 내용이야?
골프의 기초부터 중급자를 위한 팁까지 다양한 내용이 들어있대
그럼 초보자도 쉽게 배울 수 있을까?
응, 질문과 답변 형식으로 설명되어 있어 이해하기 쉬워
글쿠나. 그리고 QR 코드로 동영상도 볼 수 있다고 하던데
마좌 설명과 같이 동영상으로 보면 더 이해하기 쉬울 거야
책을 집필한 사람은 누구야?
이주호 원장이라는 사람이야. 골프 아카데미를 운영하고 있어
글쿠나. 그 사람은 골프에 대해 어떤 생각을 가지고 있어?
그 사람은 골프를 너무 어렵게 생각하지 말라고 말하더라
그래서 어떻게 해야 해?
그 사람은 실수를 받아들이고 파세이브 확률을 높이는 연습을 하라고 해"
8530,스포츠 및 e스포츠,월드컵,"오늘 월드컵 경기 볼래?
응! 어떤 경기인데?
메시가 출전하는 아르헨티나 경기야
충공! 와! 메시 경기는 항상 재밌어
맞아! 그리고 음바페와 레반도프스키도 출전해
골든볼 후보들이 대거 출격하는구나
메시는 월드컵에서 6골을 기록 중이래
레알 레게노다! 그럼 오늘도 골을 넣을까?
메시는 2014년 월드컵에서 한 경기에 2골을 넣었어
오늘 상대가 약체라면 다득점도 기대할 만하겠다
메시는 이번 대회가 마지막 월드컵이 될 가능성이 크대
그러면 월드컵 우승의 한을 풀 수 있을지 기대돼
맞아! 아르헨티나는 2019년 이후 36경기 연속 무패 중이야
오늘도 이길 수 있을까? 기대돼!
만약 이기면 이탈리아와 동률이 될 거야
아르헨티나를 응원하자!"
10538,"여행, 관광 및 명소",동해 무릉오선녀탕' 인기,"야~ 지금 나 동해 바다에 아이들하고 왔어, 물놀이하러 왔지 뭐야.
ㅋㅋ 요즘 휴가철이라 바닷물보다 사람들이 바글바글하지? 바다 대신에 무릉건강숲 근처에 무릉오션녀탕 가는 거 어때? 거기 추천한다니까.
무릉오션녀탕이 뭐야? 혹시 작은 사우나 같은 곳인가?
아니, 애들한테 정말 좋은 곳이야. 삼화동에 있는 무릉계곡 주변에 자연 친화적으로 조성된 놀이터라고 생각하면 돼. 야외에 수영장도 다섯 개나 있어.
정말? 바다에서 사람들에게 치이는 것보다 훨씬 낫겠다. 근데 야외 수영장이면 입장료가 비쌀 것 같은데?
동해시에서 관리하니까 가격이 진짜 착하다니까. 입장료는 공짜고, 주차하는 차량에서 환경 유지 비용으로 조금만 내면 돼.
우와, 계곡 가운데 수영장에서 노는 건데 공짜라니 대박이다. 그런데 시설은 괜찮아?
ㅎㅎ 화장실부터 탈의실, 포토존, 매점, 안전 관리소까지 모든 게 다 있어.
이런 곳이 공짜라니 이해가 안 가. 지금 당장 차 방향 틀어서 가봐야겠다.
그래서 가족 단위로 아이들 데리고 오는 사람들 사이에서 엄청 인기가 많아졌어. ㅋㅋ
나 지금 네비에 찍는 중인데, 무릉오션녀탕 주소가 어떻게 되지? ㅋㅋ 서두르고 싶어서 그래.
강원도 동해시 삼화동 산 180-7번지야. ㅋㅋ 가보면 알겠지만, 숲도 짙고 물도 시원한 지하수랑 계곡물로 쓰고 있어.
동해시가 진짜 대단하다. 이번에 가족들하고 오랜만에 제대로 힐링할 수 있을 것 같아.
ㅋㅋ 오전 9시부터 오후 5시까지 운영하니까, 애들 놀 때 너도 좀 쉬어.
너만큼 나를 이해해주는 사람도 없다니까.
ㅋㅋ 도착하면 연락해. 사실 나도 지금 애들 데리고 무릉오션녀탕에 있거든. 오랜만에 만나게 되겠다."
11268,"여행, 관광 및 명소",에어비앤비,"에어비앤비로 여행하면 굿굿!
응! 에어비앤비는 편하고 싸니까!
에어비앤비로 광주에 갔었는데 너무 좋았어!
레알? 어떤 숙소였어?
깨끗하고 아늑한 게스트하우스였어!
와! 그럼 나도 광주에 가서 에어비앤비로 숙소 예약해야겠다!
광주 외에도 다른 도시에서도 에어비앤비를 많이 사용하더라!
렬루다가? 어떤 도시가 인기 있었어?
포항, 고양, 화천, 그리고 광주가 인기 있었어!
에어비앤비로 여행하면 도시의 매력을 더 잘 느낄 수 있겠다!
맞아! 그리고 지역 경제에도 도움이 되는거야!
에어비앤비는 한국뿐만 아니라 다른 나라에서도 인기가 많은 거 같아!
맞아! 아시아태평양 지역에서도 많이 사용되고 있어!
에어비앤비로 여행하면 예산도 절약할 수 있겠다!
그래! 다음에도 에어비앤비로 여행하자!
굿굿! 에어비앤비로 더 많은 도시를 여행하고 싶어!"
10069,"여행, 관광 및 명소",해외여행,"여행 계획 있어?
응, 해외여행 가고 싶어!
렬루다가? 어디로 가고 싶어?
유럽이 좋아! 자유롭게 여행하고 싶어
여기어때에서 해외여행 서비스를 공개했대
짜짜? 어떤 서비스야?
해외특가 상품을 선보였대
와우내 항공권도 숙소도 할인되는 거야?
응, 비행시간이 4시간 이내인 목적지에 집중하고 있대
일본이나 베트남 같은 곳이 대상이라는 거지?
마좌 약 120여개인 해외특가 상품이 있어
연말까지 200개로 늘린다는 거지?
ㅇㅋㅇㅋ 기존 저가 상품의 불편을 해소하려고 노력하고 있어
레알루다가 킹갓인데, 나도 여행 계획 세워야겠어
여기어때에서 예약하면 편리하게 할인 받을 수 있을 거야
그럼 나도 여기어때로 해외여행을 떠나볼게!"
10264,"여행, 관광 및 명소",여행,"여행 가고 싶다ㅠㅠ
나도 여행하고 싶어ㅋㅋ
어디로 가고 싶어?
일본에 가고 싶어ㅎㅎ
일본은 레알루다가 멋진 곳이야
그래! 특히 도쿄가 좋아!
도쿄 타워도 가보고 싶어
나도 도쿄 타워 가보고 싶어!
그럼 같이 가자!
레알루다가? 짜짜로?
응! 같이 가자ㅋㅋ
와 레알 좋겠다ㅠㅠ
일본 음식도 먹고 싶어!
라멘이랑 초밥 먹어야지!
맞아! 그리고 사쿠라도 보고 싶어!
일본은 레알로 멋진 나라야!"
11311,"여행, 관광 및 명소",에어비앤비,"한옥 숙소 예약해봄?
응, 에어비앤비 한옥 카테고리가 생겼더라
에어비앤비는 한국 문화에 관심이 많은 것 같아
맞아 에어비앤비 스타트 기능도 추가했대
에어비앤비 스타트 기능은 뭐임?
자신의 공간을 에어비앤비로 공유할 수 있는 기능이야
그럼 호스트를 위한 에어커버는 ㅁㅇ?
에어커버는 더 향상된 내용이 담긴 기능이야
에어비앤비는 한국 문화를 알리는 활동도 했더라
웅웅 유튜브 크리에이터들과 협업한 인사이드 한옥 캠페인도 했어
한옥 숙소들은 외국인 관광객들에게 인기가 많을 것 같아
맞아 한옥체험업도 알리는 활동을 했었지
에어비앤비는 한옥 숙소들을 소개하는 이벤트도 했어
웅웅 경주 양동마을의 유서 깊은 한옥 숙소들을 소개했던 것 같아
에어비앤비의 업그레이드는 여행자들에게 좋은 소식이야
맞아 더 편리하게 한옥 숙소를 예약할 수 있게 되었어"
11329,"여행, 관광 및 명소",에어비앤비,"에어비앤비가 한옥 카테고리를 신설했어!
오! 한옥 숙소를 쉽게 찾을 수 있게 되었구나!
맞아! 에어비앤비는 새로운 카테고리를 여섯 개 추가했대
어떤 카테고리들이 추가되었어?
한옥 외에도 '신규', '세상의 꼭대기', '무장애', '키즈' 등이야
와! 다양한 숙소들이 추가되었네
응, 이번에는 숙소 스타일에 따라 분류되어서 보다 쉽게 발견할 수 있겠어
에어비앤비 스타트 기능도 공개되었대. 자신의 공간을 에어비앤비할 수 있게 되었어
와 좋네. 호스트를 위한 에어커버도 더 향상되었다고 하더라
에어비앤비는 항상 서비스를 발전시키는구나
맞아! 에어비앤비는 전 세계 수백만 명에게 독특한 숙소를 손쉽게 제공하고 있어
에어비앤비를 통해 다양한 경험을 할 수 있겠네
그래! 한번 에어비앤비로 여행을 가보는 건 어떰?
음, 좋은 생각인 것 같아. 다음 여행 때는 꼭 에어비앤비를 이용해볼게!
그럼 굿굿! 멋진 여행이 되길 바라!
고마워! 에어비앤비 덕분에 더 특별한 여행을 할 수 있을 거야!"
10965,"여행, 관광 및 명소","한국민속촌, 조선시대 추리 콘텐츠 ‘조선살인수사’ 오픈","너 한국민속촌 가본적 있어? 요즘 엄청 핫하더라.
나 어릴 때 가보고는 안 가봤는데, 뭐가 핫하다는 거임?
조선시대 추리 콘텐츠인 조선살인수사를 오픈했다고 하더라.
이름 거창하네 ㅋㅋ. 그럼 거기서 뭐 하는 거야?
관람객이 직접 살인사건을 추리하는 신규 콘텐츠래.
와, 엄청 흥미진진하겠다. 언제 하는거야?
금,토,일에 하는데 날짜는 11월 12일까지래.
좋아! 그럼 우리 10월에 시간 맞춰서 가자.
역시 너가 좋아할 줄 알았어 ㅋㅋ. 그럼 토요일에 가보자.
ㅇㅇ 그럼 어떤 식으로 진행되는거야?
사또의 사건 기록지를 받아 용의자의 정보를 수집해 사건 현장의 실마리를 추리하는 거래.
ㅋㅋ 무진장 흥미롭구먼. 한국민속촌 입장료는 얼마야?
앗, 내가 지금 검색해보니까 입장료랑 조선살인수사 콘텐츠 입장료는 별개네 ㅠㅠ. 12,000원 별도 구매야.
헐, 그럼 2개를 구매해야 하는거구나. 생각보다 고렴이인데?ㅋㅋ
그러네 ㅠㅠ. 그냥 가지말까? 갑자기 흥미가 뚝 떨어짐 ㅠㅠ.
나는 그래도 흥미돋. 밥먹는 비용 아끼고 가보자고. 토요일에 봐."
12143,정치,어촌신활력증진사업' 대상지 65곳 선정,"어제부터 계속 이 카페에 와서 시사 이슈들 파헤치고 있어. ㅎㅎ
취직 준비 때문에 그런 거니?
응응. 취업 준비도 하고, 뭐랄까...꽤 흥미로워서 그래. ㅎㅎ
나도 요새는 정책 관련 기사들 살펴보는 중이야. ㅎㅎ
거기다가 이번에 해수부에서 거액의 사업 자금이 들어간다는 얘기 들었는데 뭔지 알아?
혹시 어촌 신활력증진사업 얘기하는 거야? 그 사업에 나도 관심 가지고 지켜봤어.
그거 맞아. 근데 그 많은 돈이 한 해에 다 쓰이는 건가?
앞으로 5년 동안 300개 어촌을 대상으로 총 3조원이 투입되는 큰 사업이라고.
아하. ㅋㅋ 그럼 어촌에 무슨 지원을 해주는 거야?
주로 경제플랫폼 구축, 생활 플랫폼 조성, 그리고 안전 인프라 구축 지원으로 나뉘어져 있어.
올해에는 사업 대상지들이 정해졌어?
응, 세 가지 사업 유형에 총 65곳을 골랐다고 해.
그러면 경제플랫폼 조성 사업에는 어떤 지역들이 뽑혔어?
보령(충남), 고성(강원), 보성(전남), 영덕(경북), 거제(경남) 등 5곳이 선택됐어.
선택된 곳들이 다시 활기찬 곳으로 변모하면 정말 좋을 것 같아.
맞아, 앞으로 진행 상황도 계속 주목해보자. ㅎㅎ"
11516,정치,사우디 - '네옴시티' 건설,"나 이번에 해외여행 갈거야
넘나 부럽다. 어디로 가려고?
아직 고민중이야. 사우디도 괜찮을 것 같아
그러면 간 김에 신도시 만드는 것도 보고와
사우디에 이번에 신도시가 설립돼?
응. 네옴시티라고 해서 친환경신도시가 설립된다고 하드라
그 도시는 누가 만드는 거야?
네옴시티 건설을 위해 만들어진 네옴컨퍼니에서 진행한대
그럼 그 건설계획은 언제부터 시작 된거야?
2017년 10월 24일 사우디아라비아의 왕세자가 회의에서 발표했대
박박이네. 한국에서도 참여하는 기업이 있어?
현대건설이랑 한미글로벌, sm엔터테인먼트에서도 참여한대
다양한 기업들에서 참여를 하는구나.
그치? 나도 처음에 알고 신기했어
그럼 이번에 기회되면 갔다와야겠다
응. 재밌게 잘 보고오면 좋겠다."
11639,정치,사우디 - '네옴시티' 건설,"요새는 진짜 집 비싸당.
그니까. 신도시에 사니까 더 비싸.
그래도 신도시라서 시설은 깔끔하지.
킹정. ㅋㅋ 신도시가 좋긴 해.
근데 어떤 나라에서 최첨단 신도시 만든다던데?
아아. 사우디아라비아에서 친환경 최첨단 신도시 만들어.
동탄 처럼 신도시 이름도 있어?
웅. 네옴시티야. ㅋㅋ근데 규모는 동탄 그 이상임.
규모가 얼마나 크길래 그래?
서울보다 44배나 더 큰 신도시야.
공사도 진짜 오래 걸리겠네?
웅. 완공은 2030년까지 하는게 목표라고 하더라.
진짜 그냥 나라를 세우는 듯.
그치.어떤 도시일지 넘나리 궁금해.
나중에 다 건설하면 가보자.
좋아. ㅋㅋ 일단 난 자러 갈게."
11874,정치,영아살해 - 유기죄 70년만에 폐지,"대박! 너희들 뉴스 봤어? 영아살해죄와 영아유기죄가 폐지됐대.
당연히 봤지! 지금까지 영아 살해죄는 일반 살해죄는 조금 더 가벼운 처벌을 받고 있었는데 이번에 폐지되서 살인죄와 동일한 형량을 적용받을 거라고 하던데?
그래? 나는 처음 알았는데? 자세히 설명해 줄 수 있어?
형법 제251조에 따라 영아살해죄는 일반 살인죄 보다 가벼운 형량을 적용었는데, 70년 만에 폐지가 결정된거지!
영아살해죄는 1953년에 제정된 법이라고 해. 상당히 오래된 법이라고 할 수 있지!
그렇게 오래된 법인데, 왜 폐지되는 거야? 그 이유도 설명해 줄 수 있어?
최근에 영아가 태어나고도 출생신고도 되지 못한 채 사라지는 등 영아의 생명권 보호에 심각한 문제가 있음을 깨닫게 된 것 같아.
맞아! 그리고 영아살해죄는 1953년 제정된 이후로 한 번도 개정되지 않아 시대 상황을 반영하지 못한다는 비판이 있었다고 해. 이러한 이유 때문에 이번에 폐지하기로 결정한 것 같아!
렬루? 아하 그렇구나! 그럼 영아유기죄도 자세히 설명해주라!
영아유기죄는 형법 제272조에서 규정하고 있었는데, 일반유기죄보다 조금 더 가볍게 처벌하도록 규정되어 있었어.
이것도 결국 영아살해죄와 비슷한 이유로 폐지가 결정되었어.
그럼 정확하게 언제부터 폐지되는거야?
법무부에 따르면, 영아살해죄와 영아유기죄 조항은 2024년 2월 9일에 폐지된다고 해.
처벌이 강화되는 것이다 보니 유예기간을 두는 것 같아!
그럼 얼마나 있다가 폐지되는 거지?
공포 6개월 후부터 폐지될 예정이래.
이렇게 어느 정도 기간을 줘야 국민들이 법이 폐지된 걸 알고 그런 죄를 안 저지르려고 하겠지.
그러네. 이유를 들으니까 충분히 이해가 되는 것 같아.
이번 법 개정으로 영아의 생명보호에 보다 충실할 수 있을 것으로 기대되는 것 같아. 앞으로도 국민들의 감정에 맞는 법 개정이 있었으면 좋겠어.
맞아. 이게 나라지. 빨리 폐지되지 못한 게 아쉬울 따름이야.
그러게. 처음부터 있지 말았어야 하는 법 같아. 이제라도 폐지되어서 다행이긴 하다.
피해자들의 인권을 보호하고 강화하는 방향으로 법이 개정되도록 우리도 계속 감시하고 지켜봐야 할 것 같아.
진짜 레알로 그렇게 될 수 있게. 우리도 법에 관심을 갖도록 하자.
나도 핵공감임. 억울한 사람들이 덜 생길 수 있도록 모두 관심을 가지자."
12489,정치,쌍둥이 임신 땐 태아당 100만원씩 지원,"내 친구들 다둥이 많이 낳더라.
그치. 내 친척도 이번에 쌍둥이 임신했어.
키우기 진짜 힘들텐데. 돈도 2배로 들고.
정부 지원이 많이 필요하긴 해.ㅜㅜ
근데 이번에 다둥이 관련한 정부 발표 있었다며?
ㅇㅇ. 보건복지부에서 건강보험정책심의위원회를 열어 난임, 다둥이 가정의 임신, 출산, 양육 부담을 개선하는 내용을 발표했어!
그러면 다둥이 의료비 바우처도 늘어났으려나?
ㅇㅇ. 이제는 태아 당 100만원씩 지원 받을 수 있어. 단태아는 100만원, 쌍둥이는 200만원, 세쌍둥이라면 300만원을 주는 식이지.
그럼 지금은 어케 시행되고 있었는데?
현재는 태아 1명 임신 시 100만원, 다둥이를 임신하면 태아 수와 관계없이 140만원의 바우처를 지급 하고 있어!
너무 적네. 근데 이 바우처는 어디에 쓸 수 있는거야?
이 바우처 카드로는 의료기관에서 임산부와 2세 미만 영유아 진료비를 결제할 때 쓸 수 있어.
전반적으로 두루 쓸 수 있겠네.
글치. 암튼 혜택 늘어나서 다행이야.
다른 지원도 어떤게 있는지 봐야지.
그래. 미리 알아두면 좋지."
11969,정치,영아살해 - 유기죄 70년만에 폐지,"얘들아, 영아살해죄랑 영아유기죄가 바뀐다고 하던데, 어떻게 바뀌는 거야?
이제 영아살해죄랑 영아유기죄 폐지한다고 국회에서 법안을 의결했어.
이제 영아를 살해하거나 유기하면 일반 살인죄나 유기죄로 처벌받게 된대.
오, 레알? 그럼 이제 영아 살해나 유기에 대한 처벌이 더 강화되는 건가?
ㅇㅇ. 영아살해죄는 분만 중이거나 분만 직후의 아이를 살해한 경우 10년 이하의 징역이었는데, 이제 일반 살인죄랑 똑같이 사형, 무기징역 또는 5년 이상의 징역형을 적용하게 돼.
영아유기죄도 현행은 2년 이하의 징역 또는 300만원 이하의 벌금형인데 이제 일반 유기죄랑 같이 3년 이하 징역 또는 500만원 이하 벌금형이야.
근데 왜 지금 이렇게 영아살해죄랑 영아유기죄가 폐지되는 건지 알아?
최근에 영아 관련 범죄가 사회적 이슈가 되어서 논의가 빨라졌다고 해.
대표적인 사건이 수원 냉장고 영아 시신 사건이 있었지. 진짜 흠좀무였음...
영아살해죄랑 영아유기죄는 언제부터 있었어?
법이 처음 도입된 건 한국 전쟁 때였어. 이번에 70년 만에 폐지되는 거지.
그때 원치 않는 출산이 많았다고 해서 산모의 상황을 감안해 만들어졌던 법이래.
다른 나라들은 영아유기죄나 영아살해죄가 어떻게 돼있어?
프랑스, 스페인, 독일은 영아살해 처벌 규정이 있었는데 폐지했어.
미국이나 일본은 영아살해나 영아유기에 대한 별도의 조항을 두지 않고 있대.
그럼 우리나라도 국제적인 트렌드에 맞춘 거 같네.
사회 전반적으로 더 나아질 수 있는 기회가 생긴 거야.
이번 법 개정으로 앞으로 그런 범죄들이 좀 없어졌으면 좋겠네.
요즘 영아나 아동에 대한 범죄가 많아지고 있어서 잘 폐지하는 거 같음.
맞아. 영아살해죄나 영아유기죄가 지금까지 유지됐던 건 좀 시대착오적이었어.
맞말. 이제라도 바뀌어서 다행이다.
그럼 이제 이 법이 본회의에서 통과될 가능성이 높은 거야?
응, 여야 이견이 없어서 본회의 통과가 유력하다고 해.
본회의 통과하면 확정이야. 빨리 법이 효력 발휘할 수 있게 얼른 통과됐으면 좋겠다."
12524,정치,쌍둥이 임신 땐 태아당 100만원씩 지원,"요즘에 산부인과 보기가 힘들더라 ㅠㅠ. 속상해.
우리 동네 유명 산부인과도 폐원됐어 ㅠㅠ. 혼파망같은 기분이 들더라.
너도 그랬구나? 나도 그랬어. 출산률이 자꾸 낮아지니 걱정이야.
정부가 정책도 조금씩 조정하던데, 앞으론 쌍둥이 임신 바우처 태아당 100만원씩 지원해준다고 하더라.
그래? 원래 태아당 100만원씩 아니었나?
황당한게, 태아당 100만원은 맞는데, 그동안 쌍둥이는 140만원만 지웠했었더라고.
헐, 어이가 없네. 그래도 이제라도 바뀐다니 다행이다. 어디서 결정한거야?
7월 27일에 보건복지부에서 난임,다둥이 맞춤형 지원대책에 대해 발표할때 확정했대.
그렇구나. 그럼 쌍둥이는 200만원이고, 3쌍둥이면 얼마 지원이야?
이젠 태아당이니까 3쌍둥이면 300만원, 4쌍둥이면 400만원이 되는거지.
그래, 그정도는 해줘야 맞다고 생각해. 혹시 다른 지원은 더 바뀐게 없어?
임신기때 근로시간 단축을 9개월부터 가능하게 했는데, 앞으로는 8개월부터 가능하게 바꾼다고 했어.
그래. 요즘엔 빨리 낳는 경우도 많고, 쌍둥이는 또 빨리 출산하게 되는 경우가 많으니까. 그럼 언제부터 적용한대?
당장 적용은 아니고, 내년 1월 1일부터 시행한다고 했어.
아, 빨리 적용되면 좋은데. 그래도 내년부터라도 된다고 하니까 혜택 많이 받으면 좋겠어.
그러게. 임신과 출산은 축복이라고! 괜시리 롬곡 ㅠㅠ."
13485,콘텐츠 소비,공영방송 50주년 KBS 대하사극 '고려거란전쟁',"너 요즘 드라마 뭐 봄?
KBS에서 '고려거란전쟁'이라는 새로운 대하드라마를 방영하는데 대유잼이야
그래? KBS에서 대하드라마라는 타이틀로 방영하는 건 레알 신경 썼다는 건데
마자, 50주년 특별기획 드라마로 제작비가 270억 원이나 들었대
이욜~ 대박인데! 국내 제작비로는 탑급 아닌가?
응. 32부작인데 몽골 현지 로케이션 촬영에 한국 드라마 역사상 최초로 최신 할리우드 특수효과인 버추얼 프로덕션이라는 가상 촬영 기법을 사용했대
박박! 그 정도 스케일이라면 당장 봐야겠다 ㅋㅋ 근데 무슨 내용이야?
당대 최강국 거란과의 26년간의 전쟁을 승리로 이끈 고려 황제 현종과 강감찬을 비롯한 수많은 영웅들에 대한 이야기야
강감찬 장군이라면 귀주대첩 이야기 인가?
응. 2022년 KBS 연기 대상에서 2023년 드라마를 소개할 때 최초로 귀주대첩을 영상화한 드라마로 소개됐어
레알 그동안 귀주대첩을 다룬 드라마가 없었다니 의외인데
마자, 천추태후라는 드라마에서 마지막 회에 내레이션을 포함해서 5분 정도만 방영됐대
최초라는 타이틀이 붙으니까 겁나 흥미로운데 다른 사람들도 관심이 많아?
응. 1회 시청률은 5%였는데 10회에서는 10%로 동시간대에 1위를 했대
머박인데! 나도 넷플에서 정주행 해야겠다 ㅋㅋ
나는 이번 주에도 본방사수할 거임ㅋㅋ"
12849,콘텐츠 소비,드라마,"오늘 남남 마지막회 봤어?
응! 엄청 재밌었어 ㅋㅋ
짜짜? 나도 아직 못 봤는데
너무 추천해! 스토리도 좋고 배우들 연기도 머박이야
그러면 내일 봐야지
응! 꼭 봐야해
남남 이야기 어떤 거야?
남남은 미스터리한 사건이 있는데도 유쾌한 갬성을 잃지 않아
그래? 그러면 재밌을 것 같아
너무 재밌어서 여름 안방극장을 사로잡았어
박성훈 연기는 어땠어?
진희의 경찰대학 선배 역할로 엄청 잘했어
그래? 그러면 박성훈 팬이 될지도
너무 멋있어서 팬이 될 수밖에 없어
남남 끝나면 다른 드라마 볼까?
그래! 다음에 또 얘기하자"
13098,콘텐츠 소비,한국형 히어로물 ‘무빙’,"나 오늘 집에서 쉬려고
집콕하는 거 좋지. 뭐하면서 쉴거야?
나 그냥 티비나 보려고.ㅋㅋ
나도 요새 드라마 보는 재미에 빠짐
어떤 드라마 보는데? 추천 좀 해줘
나는 무빙이 요새 제일 꿀잼이더라
그건 어떤 내용의 드라마인데?
한국형 히어로물 드라마야. 초능력자 이야기지
재밌겠다. 그건 원작이 있어?
ㅇㅇ. 강풀의 웹툰을 원작으로 해서 만든 거야
그렇구나. 거기 누구 나오는데?
한효주, 조인성, 류승범 등 여러 배우가 나와
다들 내가 아는 배우네
응. 유명한 배우들 되게 많이 나와
나도 보고싶다. 오늘부터 봐야겠어
응. 재밌으니깐 꼭 봐"
13433,콘텐츠 소비,공영방송 50주년 KBS 대하사극 '고려거란전쟁',"나 오늘 분좋카 다녀왔어
거기서 뭐하고 왔는데? 궁금
하루종일 책 읽고 왔어.ㅎ
글쿤. 어떤 책 읽었어?
역사 책 읽었어. 고려거란전쟁 얘기가 재밌던데, 이거 드라마로도 나와?
응. 이번 11월에 드라마로 나온다 하더라
정말? 어느 채널에서 나오는데?
kbs 2tv에서 나와. 공영방송 50주년 대하사극이거든
그렇구나. 혹시 현종 역은 누가 맡아?
배우 김동준이 고려의 제8대 황제 현종 역을 맡았어.ㅎ
너무 잘어울린당. 그럼 강감찬 역은 누군데?
강감찬 역은 배우 최수종이 맡았어!
배우 이름만 들어도 엄청 기대 돼.ㅎ
맞아.ㅋㅋ 나도 매우 기대 중이야
얼른 11월이 되었으면 좋겠다
그러니깐. 첫방송만을 기다리는 중이야"
12818,콘텐츠 소비,드라마,"와 이번에 나온 드라마 진짜 재밌더라 ㅋㅋ
레알? 어떤 드라마야?
tvN에서 방영된 산후조리원이라는 드라마인데
그 드라마 어떤 내용이야?
주인공이 최연소 임원이자 최고령 산모로서 산후조리원에서 겪는 이야기를 다루는데
진짜 하이퍼리얼리즘이라고 하던데, 그게 ㅁㅇ?
말 그대로 실제와 같이 현실적으로 표현된 연기라고 해야 해?
그러면 배우들 연기가 대단했겠다
엄지원 배우가 주인공으로 나와서 연기력이 렬루다가 좋았어
엄지원 배우는 항상 연기가 좋아서 기대하고 봤는데 말 그대로 실제 같더라고
그래서 출산장면도 다큐를 참고해서 실제 같이 잘 표현했대
짜짜? 그러면 출산장면이 너무 현실적으로 보였겠다
맞아 마좌 그래서 시청자들에게 충격과 공감을 동시에 안겨줬어
엄마들은 더 공감하고 볼만한 드라마인 것 같다
맞아 작품을 통해 엄마들의 마음을 알게 됐어
엄마들은 일과 육아를 병행하면서 힘들어하는데, 본인의 행복이 중요하다는 메시지를 전달하고 싶었던 거지"
13055,콘텐츠 소비,한국형 히어로물 ‘무빙’,"너 혹시 무빙 봐? 요즘 완전 대세인데...
무빙이 뭐야? 나 티빙은 보는데...
ㅎㅎ 무빙을 모르다니...요새 바빴나보구나. 무빙은 요즘 방영되는 한국형 히어로물 드라마야.
오, 나 히어로물 좋아하는데...히어로물이면 혹시 웹툰 기반인가?
맞아. 원작이 강풀 작가가 그린 웹툰이야. 직접 각본에도 참여했고.
그래? 강풀 원작이면 믿을만 하지. 히어로물이면 캐릭터들이 초능력자인가? 어떤 능력을 갖고 있지?
족집게네. 무한재생능력이나 비행능력 등등 다양한 초능력을 갖고 있는 부모와 아이들의 이야기야.
초능력자 부모와 자식이라니...신박한 설정이네. 주연은 누구야?
조인성과 한효주. 여기에 류승룡이나 차태현 같은 원작에 없던 이야기도 나와.
재밌겠다. 나도 함 볼까? 이거 어디서 볼 수 있어? 넷플릭스?
넷플릭스가 아니고 디즈니 플러스 독점작이야.
휴, 다행이다. 인터넷 프로모션으로 가입한 디즈니 플러스가 아직 개월 수가 좀 남았거든.
그럼 꼭 한번 봐봐. 보면 시간 가는 줄 모를걸?
근데 내가 정주행충이라...완결되면 보고 싶은데 언제가 종영이야?
10월 20일에 20화를 끝으로 종영할 예정임.
그럼 종영 3일쯤 전부터 달려야겠다. 정보 고마워."
13101,콘텐츠 소비,한국형 히어로물 ‘무빙’,"다음 주에 휴가 받음.
오. 며칠 휴가 받았어?
2일 받았어. ㅋㅋ 놀러 가기엔 애매한데.
그러면 집에서 치맥 먹으면서 쉬어도 좋겠다.
홈캉스도 너무 좋지. ㅋㅋ 요새 조인성 드라마 찍었다며?
웅. 무빙이라는 드라마야. ㅋㅋ 나도 보는 중.
그건 어디에서 하는 드라마야?
디즈니 플러스 오리지널 드라마야. ㅋㅋ 그래서 구독도 함.
넷플릭스에서는 볼 수 는 없어?
ㅇㅇ. 넷플릭스에서는 안타깝지만 볼 수 없당. ㅠㅠ
그렇구만. 근데 총 몇부작이야?
총 20부작 드라마야. ㅋㅋ 난 이제 5편 봤다. ㅋㅋ
난 휴가 때 몰아서 봐야지.
응. 정주행 해서 완결까지 가자.
웅. 빨리 휴가 왔으면. ㅠㅠ
그니까. 드라마 보면서 푹 쉬자."
